"","Country","Year","HDI Rank (2018)","Income Male","Income Female"
"1","Afghanistan","1995",170,1756,692
"2","Afghanistan","2000",170,1167,445
"3","Afghanistan","2005",170,1699,665
"4","Afghanistan","2010",170,2353,963
"5","Afghanistan","2011",170,2275,944
"6","Afghanistan","2012",170,2472,1044
"7","Afghanistan","2013",170,2509,1082
"8","Afghanistan","2014",170,2466,1088
"9","Afghanistan","2015",170,2432,1096
"10","Afghanistan","2016",170,2396,1099
"11","Afghanistan","2017",170,2386,1112
"12","Afghanistan","2018",170,2355,1102
"13","Albania","1995",69,5338,3032
"14","Albania","2000",69,7219,3865
"15","Albania","2005",69,9769,5321
"16","Albania","2010",69,12176,7446
"17","Albania","2011",69,12702,7672
"18","Albania","2012",69,12176,8366
"19","Albania","2013",69,12898,8374
"20","Albania","2014",69,13135,8379
"21","Albania","2015",69,13010,9115
"22","Albania","2016",69,13794,9186
"23","Albania","2017",69,14150,9423
"24","Albania","2018",69,14727,9780
"25","Algeria","1995",82,15808,1820
"26","Algeria","2000",82,17133,2063
"27","Algeria","2005",82,20250,2738
"28","Algeria","2010",82,22062,3654
"29","Algeria","2011",82,21790,3855
"30","Algeria","2012",82,21570,4081
"31","Algeria","2013",82,21541,4182
"32","Algeria","2014",82,22101,4059
"33","Algeria","2015",82,22403,4072
"34","Algeria","2016",82,23284,4186
"35","Algeria","2017",82,23024,4093
"36","Algeria","2018",82,22980,4104
"37","Angola","1995",149,3294,2424
"38","Angola","2000",149,3567,2621
"39","Angola","2005",149,5214,3828
"40","Angola","2010",149,6734,4922
"41","Angola","2011",149,6710,4902
"42","Angola","2012",149,7093,5185
"43","Angola","2013",149,7280,5329
"44","Angola","2014",149,7495,5494
"45","Angola","2015",149,7439,5462
"46","Angola","2016",149,6986,5136
"47","Angola","2017",149,6865,5054
"48","Angola","2018",149,6407,4720
"49","Argentina","1995",48,18633,9107
"50","Argentina","2000",48,20200,9352
"51","Argentina","2005",48,19390,8684
"52","Argentina","2010",48,24678,12214
"53","Argentina","2011",48,26077,12778
"54","Argentina","2012",48,25542,12676
"55","Argentina","2013",48,26002,12797
"56","Argentina","2014",48,25138,12317
"57","Argentina","2015",48,25457,12671
"58","Argentina","2016",48,24394,12406
"59","Argentina","2017",48,24541,12680
"60","Argentina","2018",48,23418,12085
"61","Armenia","1995",81,2827,1574
"62","Armenia","2000",81,4409,1766
"63","Armenia","2005",81,7955,3511
"64","Armenia","2010",81,10150,4344
"65","Armenia","2011",81,9770,5069
"66","Armenia","2012",81,10473,5431
"67","Armenia","2013",81,11078,5599
"68","Armenia","2014",81,11237,5701
"69","Armenia","2015",81,11380,5911
"70","Armenia","2016",81,11269,5682
"71","Armenia","2017",81,12294,6193
"72","Armenia","2018",81,12582,6341
"73","Australia","1995",6,38073,21060
"74","Australia","2000",6,43798,25310
"75","Australia","2005",6,47018,28355
"76","Australia","2010",6,48252,31708
"77","Australia","2011",6,48483,32083
"78","Australia","2012",6,49952,33196
"79","Australia","2013",6,50665,33768
"80","Australia","2014",6,51038,34196
"81","Australia","2015",6,51717,34832
"82","Australia","2016",6,52003,35366
"83","Australia","2017",6,51990,35586
"84","Australia","2018",6,52363,35897
"85","Austria","1995",20,44339,23695
"86","Austria","2000",20,53739,24132
"87","Austria","2005",20,56866,26373
"88","Austria","2010",20,54650,33291
"89","Austria","2011",20,59600,30325
"90","Austria","2012",20,59312,30569
"91","Austria","2013",20,58844,30646
"92","Austria","2014",20,54456,34593
"93","Austria","2015",20,57604,30603
"94","Austria","2016",20,58366,31404
"95","Austria","2017",20,59314,31931
"96","Austria","2018",20,60303,32617
"97","Azerbaijan","1995",87,4274,2625
"98","Azerbaijan","2000",87,5468,3430
"99","Azerbaijan","2005",87,9993,4456
"100","Azerbaijan","2010",87,20475,10466
"101","Azerbaijan","2011",87,19859,9578
"102","Azerbaijan","2012",87,20938,9260
"103","Azerbaijan","2013",87,21935,9835
"104","Azerbaijan","2014",87,21693,11253
"105","Azerbaijan","2015",87,21519,11048
"106","Azerbaijan","2016",87,20555,9780
"107","Azerbaijan","2017",87,20777,9881
"108","Azerbaijan","2018",87,20655,9850
"109","Bahamas","1995",60,38462,24513
"110","Bahamas","2000",60,39123,25827
"111","Bahamas","2005",60,39213,25458
"112","Bahamas","2010",60,35026,23499
"113","Bahamas","2011",60,34833,23423
"114","Bahamas","2012",60,35755,24105
"115","Bahamas","2013",60,35255,23833
"116","Bahamas","2014",60,34615,23051
"117","Bahamas","2015",60,34828,23043
"118","Bahamas","2016",60,33737,22181
"119","Bahamas","2017",60,33805,22649
"120","Bahamas","2018",60,34290,22827
"121","Bahrain","1995",45,60104,19977
"122","Bahrain","2000",45,61366,21799
"123","Bahrain","2005",45,54223,25514
"124","Bahrain","2010",45,43083,27568
"125","Bahrain","2011",45,41039,26208
"126","Bahrain","2012",45,48346,16254
"127","Bahrain","2013",45,50429,17045
"128","Bahrain","2014",45,49056,16697
"129","Bahrain","2015",45,56296,19272
"130","Bahrain","2016",45,55185,18973
"131","Bahrain","2017",45,54954,19077
"132","Bahrain","2018",45,52952,18418
"133","Bangladesh","1995",135,2471,533
"134","Bangladesh","2000",135,2790,650
"135","Bangladesh","2005",135,3291,813
"136","Bangladesh","2010",135,4174,1223
"137","Bangladesh","2011",135,4364,1309
"138","Bangladesh","2012",135,4592,1410
"139","Bangladesh","2013",135,4604,1668
"140","Bangladesh","2014",135,4740,1757
"141","Bangladesh","2015",135,4956,1880
"142","Bangladesh","2016",135,5186,2011
"143","Bangladesh","2017",135,5334,2210
"144","Bangladesh","2018",135,5700,2373
"145","Barbados","1995",56,15902,10174
"146","Barbados","2000",56,18269,11827
"147","Barbados","2005",56,18535,12334
"148","Barbados","2010",56,18592,13366
"149","Barbados","2011",56,17989,12781
"150","Barbados","2012",56,18508,13166
"151","Barbados","2013",56,18140,13279
"152","Barbados","2014",56,17866,13457
"153","Barbados","2015",56,18018,13416
"154","Barbados","2016",56,18391,13541
"155","Barbados","2017",56,18445,13780
"156","Barbados","2018",56,18292,13686
"157","Belarus","1995",50,6678,4353
"158","Belarus","2000",50,9079,6196
"159","Belarus","2005",50,13600,9168
"160","Belarus","2010",50,19578,12850
"161","Belarus","2011",50,20934,13237
"162","Belarus","2012",50,21155,13519
"163","Belarus","2013",50,21070,13473
"164","Belarus","2014",50,21260,13986
"165","Belarus","2015",50,20184,13201
"166","Belarus","2016",50,19369,13061
"167","Belarus","2017",50,20019,13515
"168","Belarus","2018",50,20616,13923
"169","Belgium","1995",17,44538,22625
"170","Belgium","2000",17,49766,27009
"171","Belgium","2005",17,51700,29283
"172","Belgium","2010",17,52542,32583
"173","Belgium","2011",17,51819,31936
"174","Belgium","2012",17,52332,32278
"175","Belgium","2013",17,51036,32670
"176","Belgium","2014",17,50839,32745
"177","Belgium","2015",17,50269,33214
"178","Belgium","2016",17,51165,33629
"179","Belgium","2017",17,52394,34453
"180","Belgium","2018",17,52926,34929
"181","Belize","1995",103,8912,2907
"182","Belize","2000",103,9481,3428
"183","Belize","2005",103,9865,4213
"184","Belize","2010",103,9421,4794
"185","Belize","2011",103,9678,4959
"186","Belize","2012",103,8973,5576
"187","Belize","2013",103,8886,5488
"188","Belize","2014",103,8970,5505
"189","Belize","2015",103,9349,5704
"190","Belize","2016",103,8768,5782
"191","Belize","2017",103,8519,5609
"192","Belize","2018",103,8618,5665
"193","Benin","1995",163,1930,1052
"194","Benin","2000",163,2058,1271
"195","Benin","2005",163,2059,1406
"196","Benin","2010",163,2025,1588
"197","Benin","2011",163,2065,1573
"198","Benin","2012",163,2089,1595
"199","Benin","2013",163,2177,1664
"200","Benin","2014",163,2251,1727
"201","Benin","2015",163,2229,1714
"202","Benin","2016",163,2261,1742
"203","Benin","2017",163,2319,1791
"204","Benin","2018",163,2407,1863
"205","Bhutan","1995",134,3179,1678
"206","Bhutan","2000",134,4324,2493
"207","Bhutan","2005",134,5522,3397
"208","Bhutan","2010",134,7699,5036
"209","Bhutan","2011",134,8185,5296
"210","Bhutan","2012",134,8076,5725
"211","Bhutan","2013",134,8736,5274
"212","Bhutan","2014",134,9282,5325
"213","Bhutan","2015",134,9665,5731
"214","Bhutan","2016",134,10147,6023
"215","Bhutan","2017",134,10420,6284
"216","Bhutan","2018",134,10579,6388
"217","Bolivia (Plurinational State of)","1995",114,5157,2779
"218","Bolivia (Plurinational State of)","2000",114,5491,3052
"219","Bolivia (Plurinational State of)","2005",114,5664,3272
"220","Bolivia (Plurinational State of)","2010",114,6647,3555
"221","Bolivia (Plurinational State of)","2011",114,6755,3740
"222","Bolivia (Plurinational State of)","2012",114,6996,3705
"223","Bolivia (Plurinational State of)","2013",114,7311,3923
"224","Bolivia (Plurinational State of)","2014",114,7559,4287
"225","Bolivia (Plurinational State of)","2015",114,7988,4514
"226","Bolivia (Plurinational State of)","2016",114,8246,4807
"227","Bolivia (Plurinational State of)","2017",114,8511,4751
"228","Bolivia (Plurinational State of)","2018",114,8780,4901
"229","Bosnia and Herzegovina","1995",75,2151,1057
"230","Bosnia and Herzegovina","2000",75,9502,4634
"231","Bosnia and Herzegovina","2005",75,11825,5655
"232","Bosnia and Herzegovina","2010",75,13273,6691
"233","Bosnia and Herzegovina","2011",75,12923,7293
"234","Bosnia and Herzegovina","2012",75,13573,6805
"235","Bosnia and Herzegovina","2013",75,14227,7113
"236","Bosnia and Herzegovina","2014",75,14579,7277
"237","Bosnia and Herzegovina","2015",75,15273,7579
"238","Bosnia and Herzegovina","2016",75,15998,7784
"239","Bosnia and Herzegovina","2017",75,16484,8123
"240","Bosnia and Herzegovina","2018",75,17122,8433
"241","Botswana","1995",94,11622,7052
"242","Botswana","2000",94,12424,7834
"243","Botswana","2005",94,13702,7906
"244","Botswana","2010",94,14605,10824
"245","Botswana","2011",94,15924,12236
"246","Botswana","2012",94,16479,12776
"247","Botswana","2013",94,17250,13520
"248","Botswana","2014",94,17803,13966
"249","Botswana","2015",94,17356,13609
"250","Botswana","2016",94,17255,13588
"251","Botswana","2017",94,17499,13826
"252","Botswana","2018",94,17853,14177
"253","Brazil","1995",79,14446,7409
"254","Brazil","2000",79,14427,7814
"255","Brazil","2005",79,14269,9796
"256","Brazil","2010",79,17604,10876
"257","Brazil","2011",79,17529,11888
"258","Brazil","2012",79,17370,12484
"259","Brazil","2013",79,19095,11715
"260","Brazil","2014",79,18327,12120
"261","Brazil","2015",79,16348,12689
"262","Brazil","2016",79,17747,10186
"263","Brazil","2017",79,17704,10366
"264","Brazil","2018",79,17827,10432
"265","Brunei Darussalam","1995",43,117078,53203
"266","Brunei Darussalam","2000",43,107442,56916
"267","Brunei Darussalam","2005",43,107031,58788
"268","Brunei Darussalam","2010",43,99508,59977
"269","Brunei Darussalam","2011",43,93647,65948
"270","Brunei Darussalam","2012",43,93123,66291
"271","Brunei Darussalam","2013",43,91024,65440
"272","Brunei Darussalam","2014",43,88147,64469
"273","Brunei Darussalam","2015",43,89831,67488
"274","Brunei Darussalam","2016",43,88186,65897
"275","Brunei Darussalam","2017",43,87388,66138
"276","Brunei Darussalam","2018",43,86072,65913
"277","Bulgaria","1995",52,9909,6699
"278","Bulgaria","2000",52,10784,6605
"279","Bulgaria","2005",52,15067,9992
"280","Bulgaria","2010",52,18171,11942
"281","Bulgaria","2011",52,18335,12192
"282","Bulgaria","2012",52,18883,12428
"283","Bulgaria","2013",52,18821,12540
"284","Bulgaria","2014",52,19633,12933
"285","Bulgaria","2015",52,20312,13206
"286","Bulgaria","2016",52,21620,14102
"287","Bulgaria","2017",52,22954,15016
"288","Bulgaria","2018",52,23904,15622
"289","Burkina Faso","1995",182,1087,706
"290","Burkina Faso","2000",182,1331,815
"291","Burkina Faso","2005",182,1621,921
"292","Burkina Faso","2010",182,1728,1056
"293","Burkina Faso","2011",182,1758,1084
"294","Burkina Faso","2012",182,1843,1149
"295","Burkina Faso","2013",182,1888,1192
"296","Burkina Faso","2014",182,1876,1202
"297","Burkina Faso","2015",182,1883,1209
"298","Burkina Faso","2016",182,1927,1239
"299","Burkina Faso","2017",182,1996,1287
"300","Burkina Faso","2018",182,2077,1336
"301","Burundi","1995",185,901,727
"302","Burundi","2000",185,818,643
"303","Burundi","2005",185,765,601
"304","Burundi","2010",185,790,670
"305","Burundi","2011",185,621,843
"306","Burundi","2012",185,630,859
"307","Burundi","2013",185,641,879
"308","Burundi","2014",185,644,886
"309","Burundi","2015",185,602,827
"310","Burundi","2016",185,579,796
"311","Burundi","2017",185,563,774
"312","Burundi","2018",185,555,763
"313","Côte d'Ivoire","1995",165,3756,1570
"314","Côte d'Ivoire","2000",165,3751,1608
"315","Côte d'Ivoire","2005",165,3522,1596
"316","Côte d'Ivoire","2010",165,3926,1177
"317","Côte d'Ivoire","2011",165,3649,1110
"318","Côte d'Ivoire","2012",165,3958,1222
"319","Côte d'Ivoire","2013",165,4145,1301
"320","Côte d'Ivoire","2014",165,4463,1423
"321","Côte d'Ivoire","2015",165,4695,1522
"322","Côte d'Ivoire","2016",165,5066,1671
"323","Côte d'Ivoire","2017",165,5115,1701
"324","Côte d'Ivoire","2018",165,5355,1790
"325","Cabo Verde","1995",126,3370,1557
"326","Cabo Verde","2000",126,5081,2602
"327","Cabo Verde","2005",126,5948,3310
"328","Cabo Verde","2010",126,6873,4489
"329","Cabo Verde","2011",126,7063,4660
"330","Cabo Verde","2012",126,6955,4704
"331","Cabo Verde","2013",126,6937,4757
"332","Cabo Verde","2014",126,6728,4708
"333","Cabo Verde","2015",126,6746,4813
"334","Cabo Verde","2016",126,6976,4995
"335","Cabo Verde","2017",126,7170,5151
"336","Cabo Verde","2018",126,7497,5523
"337","Cambodia","1995",146,1258,920
"338","Cambodia","2000",146,1267,1405
"339","Cambodia","2005",146,2229,1567
"340","Cambodia","2010",146,2782,2056
"341","Cambodia","2011",146,3032,2060
"342","Cambodia","2012",146,3032,2300
"343","Cambodia","2013",146,3272,2420
"344","Cambodia","2014",146,3410,2530
"345","Cambodia","2015",146,3543,2649
"346","Cambodia","2016",146,3687,2830
"347","Cambodia","2017",146,3882,2976
"348","Cambodia","2018",146,4089,3128
"349","Cameroon","1995",150,2659,1819
"350","Cameroon","2000",150,2859,1971
"351","Cameroon","2005",150,3194,2218
"352","Cameroon","2010",150,3350,2347
"353","Cameroon","2011",150,3393,2377
"354","Cameroon","2012",150,3432,2407
"355","Cameroon","2013",150,3505,2460
"356","Cameroon","2014",150,3650,2566
"357","Cameroon","2015",150,3730,2628
"358","Cameroon","2016",150,3786,2672
"359","Cameroon","2017",150,3807,2693
"360","Cameroon","2018",150,3858,2724
"361","Canada","1995",13,40410,22372
"362","Canada","2000",13,46742,26805
"363","Canada","2005",13,49306,30528
"364","Canada","2010",13,48524,31599
"365","Canada","2011",13,49346,32544
"366","Canada","2012",13,49690,32842
"367","Canada","2013",13,50300,33473
"368","Canada","2014",13,51315,33921
"369","Canada","2015",13,51372,33905
"370","Canada","2016",13,51248,34274
"371","Canada","2017",13,52118,35012
"372","Canada","2018",13,52218,35120
"373","Central African Republic","1995",188,1084,685
"374","Central African Republic","2000",188,1030,653
"375","Central African Republic","2005",188,1024,648
"376","Central African Republic","2010",188,1182,796
"377","Central African Republic","2011",188,1225,819
"378","Central African Republic","2012",188,1284,856
"379","Central African Republic","2013",188,821,542
"380","Central African Republic","2014",188,820,541
"381","Central African Republic","2015",188,853,562
"382","Central African Republic","2016",188,882,584
"383","Central African Republic","2017",188,909,605
"384","Central African Republic","2018",188,935,622
"385","Chad","1995",187,1285,791
"386","Chad","2000",187,1217,741
"387","Chad","2005",187,1884,1147
"388","Chad","2010",187,2237,1465
"389","Chad","2011",187,2182,1429
"390","Chad","2012",187,2297,1510
"391","Chad","2013",187,2289,1511
"392","Chad","2014",187,2371,1572
"393","Chad","2015",187,2401,1599
"394","Chad","2016",187,2203,1470
"395","Chad","2017",187,2081,1392
"396","Chad","2018",187,2056,1377
"397","Chile","1995",42,17485,6175
"398","Chile","2000",42,20144,7743
"399","Chile","2005",42,22000,9421
"400","Chile","2010",42,24410,11768
"401","Chile","2011",42,25678,12750
"402","Chile","2012",42,27122,13586
"403","Chile","2013",42,28063,14078
"404","Chile","2014",42,28391,14429
"405","Chile","2015",42,28793,14733
"406","Chile","2016",42,28836,14929
"407","Chile","2017",42,28229,14801
"408","Chile","2018",42,28932,15212
"409","China","1995",85,3044,1973
"410","China","2000",85,4406,2855
"411","China","2005",85,6879,4383
"412","China","2010",85,11299,7511
"413","China","2011",85,12262,8141
"414","China","2012",85,13261,8796
"415","China","2013",85,14147,9368
"416","China","2014",85,15257,10086
"417","China","2015",85,16162,10658
"418","China","2016",85,17171,11294
"419","China","2017",85,18273,11983
"420","China","2018",85,19410,12665
"421","Colombia","1995",79,11703,5629
"422","Colombia","2000",79,10707,5894
"423","Colombia","2005",79,12007,6366
"424","Colombia","2010",79,12986,8243
"425","Colombia","2011",79,13627,8773
"426","Colombia","2012",79,14082,9095
"427","Colombia","2013",79,14571,9522
"428","Colombia","2014",79,15538,9607
"429","Colombia","2015",79,15758,10254
"430","Colombia","2016",79,15921,10362
"431","Colombia","2017",79,15760,10270
"432","Colombia","2018",79,15657,10235
"433","Comoros","1995",156,3211,1430
"434","Comoros","2000",156,3285,1485
"435","Comoros","2005",156,3161,1562
"436","Comoros","2010",156,3089,1748
"437","Comoros","2011",156,3125,1791
"438","Comoros","2012",156,3146,1801
"439","Comoros","2013",156,3202,1854
"440","Comoros","2014",156,3183,1863
"441","Comoros","2015",156,3150,1847
"442","Comoros","2016",156,3139,1859
"443","Comoros","2017",156,3142,1877
"444","Comoros","2018",156,3030,1812
"445","Congo (Democratic Republic of the)","1995",179,794,600
"446","Congo (Democratic Republic of the)","2000",179,649,483
"447","Congo (Democratic Republic of the)","2005",179,648,497
"448","Congo (Democratic Republic of the)","2010",179,722,547
"449","Congo (Democratic Republic of the)","2011",179,740,556
"450","Congo (Democratic Republic of the)","2012",179,763,568
"451","Congo (Democratic Republic of the)","2013",179,768,571
"452","Congo (Democratic Republic of the)","2014",179,817,608
"453","Congo (Democratic Republic of the)","2015",179,858,640
"454","Congo (Democratic Republic of the)","2016",179,910,679
"455","Congo (Democratic Republic of the)","2017",179,901,673
"456","Congo (Democratic Republic of the)","2018",179,917,684
"457","Congo","1995",138,4737,3287
"458","Congo","2000",138,4202,2943
"459","Congo","2005",138,3499,2460
"460","Congo","2010",138,4624,3483
"461","Congo","2011",138,4547,3410
"462","Congo","2012",138,5424,4065
"463","Congo","2013",138,5849,4371
"464","Congo","2014",138,6800,5088
"465","Congo","2015",138,8728,6539
"466","Congo","2016",138,7735,5798
"467","Congo","2017",138,6929,5210
"468","Congo","2018",138,6621,4989
"469","Costa Rica","1995",68,12667,4773
"470","Costa Rica","2000",68,13045,5553
"471","Costa Rica","2005",68,13448,7576
"472","Costa Rica","2010",68,16047,8910
"473","Costa Rica","2011",68,16285,9403
"474","Costa Rica","2012",68,16624,10044
"475","Costa Rica","2013",68,16711,10097
"476","Costa Rica","2014",68,17275,10014
"477","Costa Rica","2015",68,17470,10429
"478","Costa Rica","2016",68,18558,10225
"479","Costa Rica","2017",68,18842,10396
"480","Costa Rica","2018",68,19016,10565
"481","Croatia","1995",46,16749,8988
"482","Croatia","2000",46,18571,12295
"483","Croatia","2005",46,23426,16223
"484","Croatia","2010",46,23754,16853
"485","Croatia","2011",46,24116,16547
"486","Croatia","2012",46,23456,16287
"487","Croatia","2013",46,23425,16609
"488","Croatia","2014",46,23290,16876
"489","Croatia","2015",46,24358,17677
"490","Croatia","2016",46,24827,17869
"491","Croatia","2017",46,26278,18853
"492","Croatia","2018",46,26959,19442
"493","Cuba","1995",72,4722,1891
"494","Cuba","2000",72,5797,2308
"495","Cuba","2005",72,7216,3074
"496","Cuba","2010",72,8879,4347
"497","Cuba","2011",72,9180,4487
"498","Cuba","2012",72,9491,4582
"499","Cuba","2013",72,9743,4703
"500","Cuba","2014",72,9813,4734
"501","Cuba","2015",72,10247,4921
"502","Cuba","2016",72,10305,4922
"503","Cuba","2017",72,10499,4989
"504","Cuba","2018",72,10625,5035
"505","Cyprus","1995",31,32442,15907
"506","Cyprus","2000",31,35189,18387
"507","Cyprus","2005",31,40847,22665
"508","Cyprus","2010",31,39767,26014
"509","Cyprus","2011",31,39643,26670
"510","Cyprus","2012",31,36860,24593
"511","Cyprus","2013",31,34159,23297
"512","Cyprus","2014",31,34002,23805
"513","Cyprus","2015",31,35887,26213
"514","Cyprus","2016",31,36389,26312
"515","Cyprus","2017",31,37475,26951
"516","Cyprus","2018",31,38403,27792
"517","Czechia","1995",26,24597,13864
"518","Czechia","2000",26,26616,15197
"519","Czechia","2005",26,31667,17835
"520","Czechia","2010",26,33980,18774
"521","Czechia","2011",26,33881,19604
"522","Czechia","2012",26,33927,19840
"523","Czechia","2013",26,33594,19987
"524","Czechia","2014",26,34241,20241
"525","Czechia","2015",26,35826,21420
"526","Czechia","2016",26,36518,22148
"527","Czechia","2017",26,38050,23255
"528","Czechia","2018",26,39326,24114
"529","Denmark","1995",11,45777,27635
"530","Denmark","2000",11,50660,32357
"531","Denmark","2005",11,54718,35323
"532","Denmark","2010",11,52610,36962
"533","Denmark","2011",11,52867,37919
"534","Denmark","2012",11,52714,38064
"535","Denmark","2013",11,53261,38794
"536","Denmark","2014",11,54361,39155
"537","Denmark","2015",11,55135,39378
"538","Denmark","2016",11,55438,40102
"539","Denmark","2017",11,56153,40607
"540","Denmark","2018",11,56731,41027
"541","Djibouti","1995",171,2725,1204
"542","Djibouti","2000",171,2492,1145
"543","Djibouti","2005",171,2740,1350
"544","Djibouti","2010",171,3010,1907
"545","Djibouti","2011",171,3052,1999
"546","Djibouti","2012",171,3134,2070
"547","Djibouti","2013",171,3345,2229
"548","Djibouti","2014",171,3561,2374
"549","Djibouti","2015",171,3817,2575
"550","Djibouti","2016",171,4050,2741
"551","Djibouti","2017",171,4068,2803
"552","Djibouti","2018",171,4232,2900
"553","Dominican Republic","1995",89,9251,3250
"554","Dominican Republic","2000",89,11353,4493
"555","Dominican Republic","2005",89,11931,5360
"556","Dominican Republic","2010",89,14689,7194
"557","Dominican Republic","2011",89,14500,7753
"558","Dominican Republic","2012",89,14532,8030
"559","Dominican Republic","2013",89,15026,8185
"560","Dominican Republic","2014",89,16041,8614
"561","Dominican Republic","2015",89,16692,9554
"562","Dominican Republic","2016",89,17453,10144
"563","Dominican Republic","2017",89,17888,10504
"564","Dominican Republic","2018",89,18975,11175
"565","Ecuador","1995",85,10224,4649
"566","Ecuador","2000",85,9371,4403
"567","Ecuador","2005",85,11072,5305
"568","Ecuador","2010",85,12169,6155
"569","Ecuador","2011",85,12949,6493
"570","Ecuador","2012",85,13381,6881
"571","Ecuador","2013",85,13894,7059
"572","Ecuador","2014",85,14312,7083
"573","Ecuador","2015",85,13798,7242
"574","Ecuador","2016",85,13090,7321
"575","Ecuador","2017",85,13067,7370
"576","Ecuador","2018",85,12960,7319
"577","Egypt","1995",116,10125,2465
"578","Egypt","2000",116,12436,2587
"579","Egypt","2005",116,13235,2911
"580","Egypt","2010",116,15901,3630
"581","Egypt","2011",116,14805,4541
"582","Egypt","2012",116,14784,4609
"583","Egypt","2013",116,15163,4143
"584","Egypt","2014",116,15238,4230
"585","Egypt","2015",116,15634,4383
"586","Egypt","2016",116,16322,4195
"587","Egypt","2017",116,16571,4243
"588","Egypt","2018",116,16989,4365
"589","El Salvador","1995",124,7493,3153
"590","El Salvador","2000",124,7512,3592
"591","El Salvador","2005",124,7707,3822
"592","El Salvador","2010",124,7613,4733
"593","El Salvador","2011",124,7853,4898
"594","El Salvador","2012",124,8032,4891
"595","El Salvador","2013",124,7715,5330
"596","El Salvador","2014",124,8109,5133
"597","El Salvador","2015",124,8341,5140
"598","El Salvador","2016",124,8514,5177
"599","El Salvador","2017",124,8772,5117
"600","El Salvador","2018",124,8943,5234
"601","Equatorial Guinea","1995",144,2472,1318
"602","Equatorial Guinea","2000",144,11836,6502
"603","Equatorial Guinea","2005",144,26841,14636
"604","Equatorial Guinea","2010",144,26840,15601
"605","Equatorial Guinea","2011",144,27622,16119
"606","Equatorial Guinea","2012",144,29450,17362
"607","Equatorial Guinea","2013",144,28501,16826
"608","Equatorial Guinea","2014",144,27956,16400
"609","Equatorial Guinea","2015",144,28745,16918
"610","Equatorial Guinea","2016",144,26204,15356
"611","Equatorial Guinea","2017",144,23826,14097
"612","Equatorial Guinea","2018",144,21808,12783
"613","Eritrea","1995",182,2829,1675
"614","Eritrea","2000",182,3073,1900
"615","Eritrea","2005",182,2744,1788
"616","Eritrea","2010",182,2292,1591
"617","Eritrea","2011",182,2460,1708
"618","Eritrea","2012",182,1855,1289
"619","Eritrea","2013",182,1905,1321
"620","Eritrea","2014",182,1920,1331
"621","Eritrea","2015",182,1927,1338
"622","Eritrea","2016",182,1918,1336
"623","Eritrea","2017",182,1967,1373
"624","Eritrea","2018",182,2011,1404
"625","Estonia","1995",30,14659,8672
"626","Estonia","2000",30,19065,11784
"627","Estonia","2005",30,27156,17473
"628","Estonia","2010",30,27247,16564
"629","Estonia","2011",30,29544,17877
"630","Estonia","2012",30,31386,18788
"631","Estonia","2013",30,32793,19456
"632","Estonia","2014",30,33880,19722
"633","Estonia","2015",30,34511,20402
"634","Estonia","2016",30,35675,21066
"635","Estonia","2017",30,37407,22147
"636","Estonia","2018",30,38653,22999
"637","Eswatini (Kingdom of)","1995",138,8316,4063
"638","Eswatini (Kingdom of)","2000",138,8789,3967
"639","Eswatini (Kingdom of)","2005",138,11119,4537
"640","Eswatini (Kingdom of)","2010",138,10882,5086
"641","Eswatini (Kingdom of)","2011",138,11489,5472
"642","Eswatini (Kingdom of)","2012",138,11883,5753
"643","Eswatini (Kingdom of)","2013",138,12122,6702
"644","Eswatini (Kingdom of)","2014",138,12080,6798
"645","Eswatini (Kingdom of)","2015",138,12026,6883
"646","Eswatini (Kingdom of)","2016",138,12055,7016
"647","Eswatini (Kingdom of)","2017",138,11895,7027
"648","Eswatini (Kingdom of)","2018",138,11798,7029
"649","Ethiopia","1995",173,729,418
"650","Ethiopia","2000",173,768,466
"651","Ethiopia","2005",173,971,498
"652","Ethiopia","2010",173,1358,784
"653","Ethiopia","2011",173,1470,849
"654","Ethiopia","2012",173,1551,898
"655","Ethiopia","2013",173,1667,966
"656","Ethiopia","2014",173,1781,1040
"657","Ethiopia","2015",173,1904,1120
"658","Ethiopia","2016",173,2025,1199
"659","Ethiopia","2017",173,2148,1281
"660","Ethiopia","2018",173,2231,1332
"661","Fiji","1995",98,8879,3354
"662","Fiji","2000",98,9930,3583
"663","Fiji","2005",98,10346,4611
"664","Fiji","2010",98,9227,4933
"665","Fiji","2011",98,9344,5156
"666","Fiji","2012",98,9461,5117
"667","Fiji","2013",98,10116,5421
"668","Fiji","2014",98,10574,5368
"669","Fiji","2015",98,11239,5449
"670","Fiji","2016",98,11632,5449
"671","Fiji","2017",98,11910,5594
"672","Fiji","2018",98,12293,5838
"673","Finland","1995",12,32714,21034
"674","Finland","2000",12,42248,27419
"675","Finland","2005",12,47349,31554
"676","Finland","2010",12,46943,34074
"677","Finland","2011",12,48471,33532
"678","Finland","2012",12,46213,34235
"679","Finland","2013",12,46579,32779
"680","Finland","2014",12,46090,32869
"681","Finland","2015",12,45805,33335
"682","Finland","2016",12,47300,34119
"683","Finland","2017",12,47963,34519
"684","Finland","2018",12,48689,35066
"685","France","1995",26,39595,22557
"686","France","2000",26,45355,25753
"687","France","2005",26,46698,27908
"688","France","2010",26,45301,30509
"689","France","2011",26,46214,31127
"690","France","2012",26,45569,31262
"691","France","2013",26,45470,31443
"692","France","2014",26,45946,31299
"693","France","2015",26,46281,31511
"694","France","2016",26,46549,31763
"695","France","2017",26,47845,32506
"696","France","2018",26,48507,33005
"697","Gabon","1995",115,26605,12225
"698","Gabon","2000",115,21959,10363
"699","Gabon","2005",115,21882,10786
"700","Gabon","2010",115,18179,9639
"701","Gabon","2011",115,17908,9605
"702","Gabon","2012",115,19384,10488
"703","Gabon","2013",115,19987,10899
"704","Gabon","2014",115,21716,11920
"705","Gabon","2015",115,20892,11607
"706","Gabon","2016",115,20918,11584
"707","Gabon","2017",115,20765,11485
"708","Gabon","2018",115,20182,11240
"709","Gambia","1995",174,1783,879
"710","Gambia","2000",174,1832,957
"711","Gambia","2005",174,1790,980
"712","Gambia","2010",174,2236,781
"713","Gambia","2011",174,2065,725
"714","Gambia","2012",174,2116,752
"715","Gambia","2013",174,2173,773
"716","Gambia","2014",174,2083,745
"717","Gambia","2015",174,2133,771
"718","Gambia","2016",174,2086,757
"719","Gambia","2017",174,2115,771
"720","Gambia","2018",174,2190,800
"721","Georgia","1995",70,3164,1379
"722","Georgia","2000",70,5052,2409
"723","Georgia","2005",70,7772,3046
"724","Georgia","2010",70,9497,4287
"725","Georgia","2011",70,10212,4696
"726","Georgia","2012",70,11134,5166
"727","Georgia","2013",70,11233,5480
"728","Georgia","2014",70,11893,5760
"729","Georgia","2015",70,11804,5956
"730","Georgia","2016",70,11848,5953
"731","Georgia","2017",70,12353,6217
"732","Georgia","2018",70,12929,6504
"733","Germany","1995",4,44371,23450
"734","Germany","2000",4,47371,26237
"735","Germany","2005",4,48480,28085
"736","Germany","2010",4,50289,32532
"737","Germany","2011",4,53275,34620
"738","Germany","2012",4,53339,34660
"739","Germany","2013",4,52865,35228
"740","Germany","2014",4,53543,35821
"741","Germany","2015",4,53863,36446
"742","Germany","2016",4,54229,37188
"743","Germany","2017",4,55143,37979
"744","Germany","2018",4,55652,38467
"745","Ghana","1995",142,2333,1645
"746","Ghana","2000",142,2495,1803
"747","Ghana","2005",142,2894,2048
"748","Ghana","2010",142,3430,2513
"749","Ghana","2011",142,3772,2744
"750","Ghana","2012",142,3953,2848
"751","Ghana","2013",142,4297,3062
"752","Ghana","2014",142,4289,3022
"753","Ghana","2015",142,4454,2998
"754","Ghana","2016",142,4478,3014
"755","Ghana","2017",142,4696,3169
"756","Ghana","2018",142,4889,3287
"757","Greece","1995",32,30675,12938
"758","Greece","2000",32,34008,15947
"759","Greece","2005",32,37352,21216
"760","Greece","2010",32,35179,21332
"761","Greece","2011",32,31705,19374
"762","Greece","2012",32,30408,18848
"763","Greece","2013",32,29416,18219
"764","Greece","2014",32,29548,19126
"765","Greece","2015",32,29390,19127
"766","Greece","2016",32,29334,19223
"767","Greece","2017",32,29977,19508
"768","Greece","2018",32,30262,19749
"769","Guatemala","1995",126,8178,2961
"770","Guatemala","2000",126,8463,3632
"771","Guatemala","2005",126,8543,3866
"772","Guatemala","2010",126,9023,4138
"773","Guatemala","2011",126,9415,3940
"774","Guatemala","2012",126,8857,4707
"775","Guatemala","2013",126,9292,4522
"776","Guatemala","2014",126,9457,4574
"777","Guatemala","2015",126,9537,4795
"778","Guatemala","2016",126,9742,4736
"779","Guatemala","2017",126,9838,4806
"780","Guatemala","2018",126,9970,4864
"781","Guinea-Bissau","1995",178,2004,1205
"782","Guinea-Bissau","2000",178,1714,1040
"783","Guinea-Bissau","2005",178,1677,1039
"784","Guinea-Bissau","2010",178,1708,1157
"785","Guinea-Bissau","2011",178,1814,1235
"786","Guinea-Bissau","2012",178,1735,1180
"787","Guinea-Bissau","2013",178,1701,1159
"788","Guinea-Bissau","2014",178,1766,1203
"789","Guinea-Bissau","2015",178,1804,1237
"790","Guinea-Bissau","2016",178,1871,1283
"791","Guinea-Bissau","2017",178,1882,1293
"792","Guinea-Bissau","2018",178,1895,1305
"793","Guinea","1995",174,1700,1112
"794","Guinea","2000",174,1822,1179
"795","Guinea","2005",174,1780,1150
"796","Guinea","2010",174,1853,1290
"797","Guinea","2011",174,1903,1331
"798","Guinea","2012",174,1985,1394
"799","Guinea","2013",174,2026,1430
"800","Guinea","2014",174,2092,1485
"801","Guinea","2015",174,2120,1516
"802","Guinea","2016",174,2306,1662
"803","Guinea","2017",174,2564,1864
"804","Guinea","2018",174,2569,1878
"805","Guyana","1995",123,5030,1838
"806","Guyana","2000",123,6453,2225
"807","Guyana","2005",123,6908,2306
"808","Guyana","2010",123,8337,3286
"809","Guyana","2011",123,8664,3543
"810","Guyana","2012",123,9045,3781
"811","Guyana","2013",123,9292,3974
"812","Guyana","2014",123,9548,4154
"813","Guyana","2015",123,9779,4285
"814","Guyana","2016",123,10118,4462
"815","Guyana","2017",123,10286,4583
"816","Guyana","2018",123,10532,4676
"817","Haiti","1995",169,2119,1288
"818","Haiti","2000",169,2152,1383
"819","Haiti","2005",169,1880,1227
"820","Haiti","2010",169,1794,1241
"821","Haiti","2011",169,1861,1301
"822","Haiti","2012",169,1887,1326
"823","Haiti","2013",169,1923,1362
"824","Haiti","2014",169,1951,1388
"825","Haiti","2015",169,1945,1385
"826","Haiti","2016",169,1951,1388
"827","Haiti","2017",169,1949,1386
"828","Haiti","2018",169,1949,1388
"829","Honduras","1995",132,4398,1742
"830","Honduras","2000",132,4584,1808
"831","Honduras","2005",132,4474,2494
"832","Honduras","2010",132,4632,2835
"833","Honduras","2011",132,4833,2699
"834","Honduras","2012",132,4973,2630
"835","Honduras","2013",132,4867,2787
"836","Honduras","2014",132,4790,2884
"837","Honduras","2015",132,5011,2903
"838","Honduras","2016",132,5052,3015
"839","Honduras","2017",132,5172,3127
"840","Honduras","2018",132,5304,3214
"841","Hong Kong, China (SAR)","1995",4,44370,20908
"842","Hong Kong, China (SAR)","2000",4,45961,23069
"843","Hong Kong, China (SAR)","2005",4,53968,29330
"844","Hong Kong, China (SAR)","2010",4,63014,36818
"845","Hong Kong, China (SAR)","2011",4,67597,37207
"846","Hong Kong, China (SAR)","2012",4,66241,37838
"847","Hong Kong, China (SAR)","2013",4,68614,38849
"848","Hong Kong, China (SAR)","2014",4,68628,41072
"849","Hong Kong, China (SAR)","2015",4,70203,41115
"850","Hong Kong, China (SAR)","2016",4,73733,40384
"851","Hong Kong, China (SAR)","2017",4,77185,42573
"852","Hong Kong, China (SAR)","2018",4,79385,43851
"853","Hungary","1995",43,19203,10828
"854","Hungary","2000",43,21794,12823
"855","Hungary","2005",43,25693,17208
"856","Hungary","2010",43,26161,17023
"857","Hungary","2011",43,26794,17258
"858","Hungary","2012",43,26856,17025
"859","Hungary","2013",43,27752,17778
"860","Hungary","2014",43,28366,18437
"861","Hungary","2015",43,29658,18810
"862","Hungary","2016",43,31311,19436
"863","Hungary","2017",43,32248,19905
"864","Hungary","2018",43,33905,21011
"865","Iceland","1995",6,34440,22545
"866","Iceland","2000",6,40256,27185
"867","Iceland","2005",6,46357,31165
"868","Iceland","2010",6,38534,26613
"869","Iceland","2011",6,40690,28325
"870","Iceland","2012",6,42109,29701
"871","Iceland","2013",6,47152,33579
"872","Iceland","2014",6,47610,33735
"873","Iceland","2015",6,49228,35088
"874","Iceland","2016",6,52618,36950
"875","Iceland","2017",6,54760,38820
"876","Iceland","2018",6,55827,39244
"877","India","1995",129,3353,928
"878","India","2000",129,4101,1147
"879","India","2005",129,5114,1514
"880","India","2010",129,6819,1783
"881","India","2011",129,7169,1780
"882","India","2012",129,7517,1772
"883","India","2013",129,7886,1875
"884","India","2014",129,8367,2008
"885","India","2015",129,8919,2159
"886","India","2016",129,9533,2331
"887","India","2017",129,10097,2493
"888","India","2018",129,10713,2625
"889","Indonesia","1995",111,8036,3638
"890","Indonesia","2000",111,7640,3201
"891","Indonesia","2005",111,9184,3806
"892","Indonesia","2010",111,11081,5343
"893","Indonesia","2011",111,11520,5663
"894","Indonesia","2012",111,11985,5991
"895","Indonesia","2013",111,12539,6153
"896","Indonesia","2014",111,13008,6300
"897","Indonesia","2015",111,13178,6833
"898","Indonesia","2016",111,13792,6997
"899","Indonesia","2017",111,14219,7353
"900","Indonesia","2018",111,14788,7673
"901","Iran (Islamic Republic of)","1995",65,22033,2317
"902","Iran (Islamic Republic of)","2000",65,22832,3280
"903","Iran (Islamic Republic of)","2005",65,26040,5068
"904","Iran (Islamic Republic of)","2010",65,30513,5568
"905","Iran (Islamic Republic of)","2011",65,31109,5487
"906","Iran (Islamic Republic of)","2012",65,28751,4910
"907","Iran (Islamic Republic of)","2013",65,28436,4707
"908","Iran (Islamic Republic of)","2014",65,29356,4712
"909","Iran (Islamic Republic of)","2015",65,28192,4961
"910","Iran (Islamic Republic of)","2016",65,31049,6062
"911","Iran (Islamic Republic of)","2017",65,31783,6165
"912","Iran (Islamic Republic of)","2018",65,30250,5809
"913","Iraq","1995",120,12035,1029
"914","Iraq","2000",120,21929,2166
"915","Iraq","2005",120,19632,2375
"916","Iraq","2010",120,23240,3166
"917","Iraq","2011",120,23913,3232
"918","Iraq","2012",120,26423,3549
"919","Iraq","2013",120,26915,3639
"920","Iraq","2014",120,26238,3563
"921","Iraq","2015",120,25918,3540
"922","Iraq","2016",120,28571,3923
"923","Iraq","2017",120,27273,3754
"924","Iraq","2018",120,26746,3712
"925","Ireland","1995",3,33094,14920
"926","Ireland","2000",3,45279,22984
"927","Ireland","2005",3,51986,28411
"928","Ireland","2010",3,44135,28563
"929","Ireland","2011",3,44174,28836
"930","Ireland","2012",3,43727,28632
"931","Ireland","2013",3,45852,30411
"932","Ireland","2014",3,49768,32817
"933","Ireland","2015",3,55416,36395
"934","Ireland","2016",3,61247,40779
"935","Ireland","2017",3,63257,42534
"936","Ireland","2018",3,66587,44917
"937","Israel","1995",22,30547,16602
"938","Israel","2000",22,31652,18719
"939","Israel","2005",22,32686,20232
"940","Israel","2010",22,37548,20877
"941","Israel","2011",22,38828,21685
"942","Israel","2012",22,38207,21676
"943","Israel","2013",22,38796,22723
"944","Israel","2014",22,40155,23452
"945","Israel","2015",22,39966,23796
"946","Israel","2016",22,41225,23760
"947","Israel","2017",22,41806,24032
"948","Israel","2018",22,42791,24617
"949","Italy","1995",29,46924,19365
"950","Italy","2000",29,51173,22536
"951","Italy","2005",29,51698,24415
"952","Italy","2010",29,46958,25977
"953","Italy","2011",29,46929,26241
"954","Italy","2012",29,45123,25847
"955","Italy","2013",29,44231,24699
"956","Italy","2014",29,43777,24694
"957","Italy","2015",29,44170,24618
"958","Italy","2016",29,44905,25297
"959","Italy","2017",29,45692,26009
"960","Italy","2018",29,46357,26473
"961","Jamaica","1995",96,9919,6046
"962","Jamaica","2000",96,9731,5533
"963","Jamaica","2005",96,10015,5832
"964","Jamaica","2010",96,9448,5999
"965","Jamaica","2011",96,9557,6103
"966","Jamaica","2012",96,9627,6164
"967","Jamaica","2013",96,9468,6153
"968","Jamaica","2014",96,9481,6151
"969","Jamaica","2015",96,9411,6110
"970","Jamaica","2016",96,9319,6144
"971","Jamaica","2017",96,9487,6274
"972","Jamaica","2018",96,9559,6326
"973","Japan","1995",19,44179,21638
"974","Japan","2000",19,46452,22743
"975","Japan","2005",19,48913,24495
"976","Japan","2010",19,50121,23821
"977","Japan","2011",19,49943,24200
"978","Japan","2012",19,50537,24718
"979","Japan","2013",19,51540,25810
"980","Japan","2014",19,51526,26380
"981","Japan","2015",19,52208,26960
"982","Japan","2016",19,51927,27447
"983","Japan","2017",19,52861,28389
"984","Japan","2018",19,53387,28781
"985","Jordan","1995",102,11220,1457
"986","Jordan","2000",102,12518,1711
"987","Jordan","2005",102,15339,2058
"988","Jordan","2010",102,15545,2812
"989","Jordan","2011",102,15089,2770
"990","Jordan","2012",102,14655,2668
"991","Jordan","2013",102,14465,2505
"992","Jordan","2014",102,14231,2471
"993","Jordan","2015",102,14017,2448
"994","Jordan","2016",102,13669,2700
"995","Jordan","2017",102,13661,2713
"996","Jordan","2018",102,13668,2734
"997","Kazakhstan","1995",50,10593,6998
"998","Kazakhstan","2000",50,12953,7090
"999","Kazakhstan","2005",50,20216,10957
"1000","Kazakhstan","2010",50,22738,13428
"1001","Kazakhstan","2011",50,22846,13878
"1002","Kazakhstan","2012",50,23813,14817
"1003","Kazakhstan","2013",50,26107,16233
"1004","Kazakhstan","2014",50,27595,16182
"1005","Kazakhstan","2015",50,29502,17236
"1006","Kazakhstan","2016",50,28090,16399
"1007","Kazakhstan","2017",50,28026,16382
"1008","Kazakhstan","2018",50,28198,16491
"1009","Kenya","1995",147,2452,1748
"1010","Kenya","2000",147,2423,1737
"1011","Kenya","2005",147,2643,1740
"1012","Kenya","2010",147,2840,2020
"1013","Kenya","2011",147,2938,2101
"1014","Kenya","2012",147,2969,2138
"1015","Kenya","2013",147,3032,2201
"1016","Kenya","2014",147,3093,2265
"1017","Kenya","2015",147,3189,2354
"1018","Kenya","2016",147,3300,2457
"1019","Kenya","2017",147,3358,2520
"1020","Kenya","2018",147,3490,2619
"1021","Korea (Republic of)","1995",22,24033,8876
"1022","Korea (Republic of)","2000",22,29793,11344
"1023","Korea (Republic of)","2005",22,36381,14176
"1024","Korea (Republic of)","2010",22,42018,18707
"1025","Korea (Republic of)","2011",22,43384,19392
"1026","Korea (Republic of)","2012",22,44132,20017
"1027","Korea (Republic of)","2013",22,45016,20495
"1028","Korea (Republic of)","2014",22,46092,20921
"1029","Korea (Republic of)","2015",22,47241,21256
"1030","Korea (Republic of)","2016",22,48110,22080
"1031","Korea (Republic of)","2017",22,49115,22725
"1032","Korea (Republic of)","2018",22,50242,23227
"1033","Kuwait","1995",57,128822,48503
"1034","Kuwait","2000",57,109089,43795
"1035","Kuwait","2005",57,134480,53496
"1036","Kuwait","2010",57,103636,48287
"1037","Kuwait","2011",57,106042,50616
"1038","Kuwait","2012",57,108030,52935
"1039","Kuwait","2013",57,102898,52005
"1040","Kuwait","2014",57,98957,51641
"1041","Kuwait","2015",57,93316,50253
"1042","Kuwait","2016",57,93274,51183
"1043","Kuwait","2017",57,89521,50194
"1044","Kuwait","2018",57,85615,49075
"1045","Kyrgyzstan","1995",122,2063,1217
"1046","Kyrgyzstan","2000",122,2454,1421
"1047","Kyrgyzstan","2005",122,2930,1597
"1048","Kyrgyzstan","2010",122,3453,1769
"1049","Kyrgyzstan","2011",122,3460,1780
"1050","Kyrgyzstan","2012",122,3686,1857
"1051","Kyrgyzstan","2013",122,3957,1912
"1052","Kyrgyzstan","2014",122,4074,1991
"1053","Kyrgyzstan","2015",122,4097,2088
"1054","Kyrgyzstan","2016",122,4171,2067
"1055","Kyrgyzstan","2017",122,4300,2121
"1056","Kyrgyzstan","2018",122,4465,2192
"1057","Lao People's Democratic Republic","1995",140,2340,1755
"1058","Lao People's Democratic Republic","2000",140,2765,2076
"1059","Lao People's Democratic Republic","2005",140,3500,2629
"1060","Lao People's Democratic Republic","2010",140,4802,3152
"1061","Lao People's Democratic Republic","2011",140,5052,3321
"1062","Lao People's Democratic Republic","2012",140,5433,3585
"1063","Lao People's Democratic Republic","2013",140,5811,3844
"1064","Lao People's Democratic Republic","2014",140,6211,4118
"1065","Lao People's Democratic Republic","2015",140,6557,4357
"1066","Lao People's Democratic Republic","2016",140,6902,4584
"1067","Lao People's Democratic Republic","2017",140,7190,4769
"1068","Lao People's Democratic Republic","2018",140,7595,5027
"1069","Latvia","1995",39,10725,6311
"1070","Latvia","2000",39,14333,8466
"1071","Latvia","2005",39,22157,13274
"1072","Latvia","2010",39,22040,15476
"1073","Latvia","2011",39,23796,16366
"1074","Latvia","2012",39,24838,17181
"1075","Latvia","2013",39,25919,17801
"1076","Latvia","2014",39,26767,18143
"1077","Latvia","2015",39,27715,18806
"1078","Latvia","2016",39,28332,19677
"1079","Latvia","2017",39,29822,20632
"1080","Latvia","2018",39,31520,21857
"1081","Lebanon","1995",93,16797,3731
"1082","Lebanon","2000",93,17650,4031
"1083","Lebanon","2005",93,16986,3605
"1084","Lebanon","2010",93,22475,5683
"1085","Lebanon","2011",93,21733,5563
"1086","Lebanon","2012",93,20987,5417
"1087","Lebanon","2013",93,20174,5229
"1088","Lebanon","2014",93,19282,5003
"1089","Lebanon","2015",93,18575,4844
"1090","Lebanon","2016",93,18216,4798
"1091","Lebanon","2017",93,18330,4861
"1092","Lebanon","2018",93,17529,4668
"1093","Lesotho","1995",164,2397,1604
"1094","Lesotho","2000",164,2465,1676
"1095","Lesotho","2005",164,2980,1948
"1096","Lesotho","2010",164,3649,2471
"1097","Lesotho","2011",164,3657,2466
"1098","Lesotho","2012",164,3747,2519
"1099","Lesotho","2013",164,3754,2517
"1100","Lesotho","2014",164,3736,2528
"1101","Lesotho","2015",164,3840,2614
"1102","Lesotho","2016",164,3990,2724
"1103","Lesotho","2017",164,3841,2633
"1104","Lesotho","2018",164,3864,2641
"1105","Liberia","1995",176,318,204
"1106","Liberia","2000",176,1426,993
"1107","Liberia","2005",176,1057,721
"1108","Liberia","2010",176,1032,1007
"1109","Liberia","2011",176,1106,1082
"1110","Liberia","2012",176,1116,1099
"1111","Liberia","2013",176,1177,1171
"1112","Liberia","2014",176,1152,1153
"1113","Liberia","2015",176,1134,1141
"1114","Liberia","2016",176,1085,1097
"1115","Liberia","2017",176,1075,1095
"1116","Liberia","2018",176,1030,1051
"1117","Libya","1995",110,32533,5540
"1118","Libya","2000",110,31594,6192
"1119","Libya","2005",110,36958,7876
"1120","Libya","2010",110,46013,10744
"1121","Libya","2011",110,17418,4564
"1122","Libya","2012",110,38851,9299
"1123","Libya","2013",110,18758,4742
"1124","Libya","2014",110,14516,3909
"1125","Libya","2015",110,14139,3831
"1126","Libya","2016",110,13735,3751
"1127","Libya","2017",110,17277,4580
"1128","Libya","2018",110,18364,4866
"1129","Lithuania","1995",34,11904,7055
"1130","Lithuania","2000",34,14739,9531
"1131","Lithuania","2005",34,22821,14327
"1132","Lithuania","2010",34,23930,17894
"1133","Lithuania","2011",34,25630,18937
"1134","Lithuania","2012",34,27028,20174
"1135","Lithuania","2013",34,28789,20832
"1136","Lithuania","2014",34,30425,22066
"1137","Lithuania","2015",34,30248,22233
"1138","Lithuania","2016",34,31253,23103
"1139","Lithuania","2017",34,32976,24432
"1140","Lithuania","2018",34,34558,25667
"1141","Luxembourg","1995",21,96516,39151
"1142","Luxembourg","2000",21,108755,52078
"1143","Luxembourg","2005",21,111181,59206
"1144","Luxembourg","2010",21,79101,54237
"1145","Luxembourg","2011",21,76102,51063
"1146","Luxembourg","2012",21,73831,50385
"1147","Luxembourg","2013",21,71587,48832
"1148","Luxembourg","2014",21,69620,50995
"1149","Luxembourg","2015",21,76657,49110
"1150","Luxembourg","2016",21,75872,49614
"1151","Luxembourg","2017",21,77721,52288
"1152","Luxembourg","2018",21,77847,53010
"1153","Madagascar","1995",162,1557,1113
"1154","Madagascar","2000",162,1656,1182
"1155","Madagascar","2005",162,1597,1142
"1156","Madagascar","2010",162,1638,1105
"1157","Madagascar","2011",162,1607,1087
"1158","Madagascar","2012",162,1582,1072
"1159","Madagascar","2013",162,1580,1062
"1160","Madagascar","2014",162,1601,1065
"1161","Madagascar","2015",162,1597,1051
"1162","Madagascar","2016",162,1614,1065
"1163","Madagascar","2017",162,1655,1094
"1164","Madagascar","2018",162,1690,1119
"1165","Malawi","1995",172,914,685
"1166","Malawi","2000",172,999,735
"1167","Malawi","2005",172,1008,715
"1168","Malawi","2010",172,1231,896
"1169","Malawi","2011",172,1260,910
"1170","Malawi","2012",172,1287,844
"1171","Malawi","2013",172,1310,854
"1172","Malawi","2014",172,1348,882
"1173","Malawi","2015",172,1344,883
"1174","Malawi","2016",172,1365,901
"1175","Malawi","2017",172,1386,918
"1176","Malawi","2018",172,1400,925
"1177","Malaysia","1995",61,19383,8414
"1178","Malaysia","2000",61,20895,9020
"1179","Malaysia","2005",61,24637,10522
"1180","Malaysia","2010",61,26164,14205
"1181","Malaysia","2011",61,27095,15104
"1182","Malaysia","2012",61,27525,15777
"1183","Malaysia","2013",61,28050,16886
"1184","Malaysia","2014",61,29214,17813
"1185","Malaysia","2015",61,30320,18741
"1186","Malaysia","2016",61,31091,19354
"1187","Malaysia","2017",61,32499,20259
"1188","Malaysia","2018",61,33279,20821
"1189","Maldives","1995",104,11360,3318
"1190","Maldives","2000",104,13232,5338
"1191","Maldives","2005",104,12700,4966
"1192","Maldives","2010",104,14253,6093
"1193","Maldives","2011",104,14941,6495
"1194","Maldives","2012",104,14689,6488
"1195","Maldives","2013",104,14509,6705
"1196","Maldives","2014",104,14932,7026
"1197","Maldives","2015",104,14920,6834
"1198","Maldives","2016",104,15237,6931
"1199","Maldives","2017",104,15378,7137
"1200","Maldives","2018",104,15577,7453
"1201","Mali","1995",184,1638,959
"1202","Mali","2000",184,1842,1078
"1203","Mali","2005",184,2175,1259
"1204","Mali","2010",184,2244,1364
"1205","Mali","2011",184,2526,1097
"1206","Mali","2012",184,2421,1048
"1207","Mali","2013",184,2435,1052
"1208","Mali","2014",184,2532,1095
"1209","Mali","2015",184,2526,1210
"1210","Mali","2016",184,2539,1269
"1211","Mali","2017",184,2616,1311
"1212","Mali","2018",184,2618,1311
"1213","Malta","1995",28,31392,8967
"1214","Malta","2000",28,36410,11973
"1215","Malta","2005",28,38516,12689
"1216","Malta","2010",28,38642,15238
"1217","Malta","2011",28,39310,16168
"1218","Malta","2012",28,38889,17056
"1219","Malta","2013",28,38217,19202
"1220","Malta","2014",28,40321,21014
"1221","Malta","2015",28,42591,22672
"1222","Malta","2016",28,42261,22942
"1223","Malta","2017",28,42819,24060
"1224","Malta","2018",28,44515,25026
"1225","Mauritania","1995",161,4287,1298
"1226","Mauritania","2000",161,4428,1380
"1227","Mauritania","2005",161,4894,1556
"1228","Mauritania","2010",161,5036,1759
"1229","Mauritania","2011",161,4998,1759
"1230","Mauritania","2012",161,5093,1802
"1231","Mauritania","2013",161,5251,1876
"1232","Mauritania","2014",161,5328,1924
"1233","Mauritania","2015",161,5307,1930
"1234","Mauritania","2016",161,5318,1945
"1235","Mauritania","2017",161,5371,1982
"1236","Mauritania","2018",161,5462,2018
"1237","Mauritius","1995",66,13198,4860
"1238","Mauritius","2000",66,16299,6223
"1239","Mauritius","2005",66,18306,7460
"1240","Mauritius","2010",66,22654,9031
"1241","Mauritius","2011",66,23344,9273
"1242","Mauritius","2012",66,25093,10217
"1243","Mauritius","2013",66,25939,11707
"1244","Mauritius","2014",66,26795,12180
"1245","Mauritius","2015",66,27678,12838
"1246","Mauritius","2016",66,29043,12905
"1247","Mauritius","2017",66,30367,13743
"1248","Mauritius","2018",66,31386,14261
"1249","Mexico","1995",76,19224,6907
"1250","Mexico","2000",76,22965,8869
"1251","Mexico","2005",76,22453,9460
"1252","Mexico","2010",76,22139,10061
"1253","Mexico","2011",76,22369,10403
"1254","Mexico","2012",76,22689,10704
"1255","Mexico","2013",76,22455,10624
"1256","Mexico","2014",76,23065,10718
"1257","Mexico","2015",76,23486,10937
"1258","Mexico","2016",76,23873,11094
"1259","Mexico","2017",76,24183,11166
"1260","Mexico","2018",76,24287,11253
"1261","Moldova (Republic of)","1995",107,3597,2654
"1262","Moldova (Republic of)","2000",107,3284,2456
"1263","Moldova (Republic of)","2005",107,5268,3712
"1264","Moldova (Republic of)","2010",107,5770,4428
"1265","Moldova (Republic of)","2011",107,6080,4686
"1266","Moldova (Republic of)","2012",107,6152,4808
"1267","Moldova (Republic of)","2013",107,6717,5250
"1268","Moldova (Republic of)","2014",107,7054,5432
"1269","Moldova (Republic of)","2015",107,6811,5312
"1270","Moldova (Republic of)","2016",107,7167,5483
"1271","Moldova (Republic of)","2017",107,7575,5705
"1272","Moldova (Republic of)","2018",107,7861,5885
"1273","Mongolia","1995",92,5168,3203
"1274","Mongolia","2000",92,5267,4027
"1275","Mongolia","2005",92,6983,4904
"1276","Mongolia","2010",92,8340,5852
"1277","Mongolia","2011",92,9769,6507
"1278","Mongolia","2012",92,10351,7636
"1279","Mongolia","2013",92,12319,7885
"1280","Mongolia","2014",92,11428,9361
"1281","Mongolia","2015",92,11538,9357
"1282","Mongolia","2016",92,11446,9228
"1283","Mongolia","2017",92,10947,8863
"1284","Mongolia","2018",92,11931,9666
"1285","Montenegro","1995",52,NA,NA
"1286","Montenegro","2000",52,14069,7833
"1287","Montenegro","2005",52,15335,8540
"1288","Montenegro","2010",52,17262,10661
"1289","Montenegro","2011",52,17917,11340
"1290","Montenegro","2012",52,17719,10980
"1291","Montenegro","2013",52,18305,11468
"1292","Montenegro","2014",52,17528,12532
"1293","Montenegro","2015",52,18202,13150
"1294","Montenegro","2016",52,18650,13178
"1295","Montenegro","2017",52,19918,13859
"1296","Montenegro","2018",52,20633,14457
"1297","Morocco","1995",121,6172,1448
"1298","Morocco","2000",121,7084,1767
"1299","Morocco","2005",121,8480,2291
"1300","Morocco","2010",121,10029,2803
"1301","Morocco","2011",121,10382,2899
"1302","Morocco","2012",121,10554,2883
"1303","Morocco","2013",121,10945,2990
"1304","Morocco","2014",121,11013,2947
"1305","Morocco","2015",121,11444,3000
"1306","Morocco","2016",121,11470,2942
"1307","Morocco","2017",121,11794,2963
"1308","Morocco","2018",121,12020,3012
"1309","Mozambique","1995",180,393,340
"1310","Mozambique","2000",180,602,510
"1311","Mozambique","2005",180,797,655
"1312","Mozambique","2010",180,994,838
"1313","Mozambique","2011",180,1061,886
"1314","Mozambique","2012",180,1121,928
"1315","Mozambique","2013",180,1174,963
"1316","Mozambique","2014",180,1221,993
"1317","Mozambique","2015",180,1260,1014
"1318","Mozambique","2016",180,1264,1019
"1319","Mozambique","2017",180,1265,1020
"1320","Mozambique","2018",180,1284,1031
"1321","Myanmar","1995",145,1200,639
"1322","Myanmar","2000",145,1709,894
"1323","Myanmar","2005",145,3026,1526
"1324","Myanmar","2010",145,4903,2556
"1325","Myanmar","2011",145,5144,2673
"1326","Myanmar","2012",145,5267,2726
"1327","Myanmar","2013",145,5717,2950
"1328","Myanmar","2014",145,6077,3125
"1329","Myanmar","2015",145,6718,3137
"1330","Myanmar","2016",145,7172,3278
"1331","Myanmar","2017",145,7625,3414
"1332","Myanmar","2018",145,8076,3613
"1333","Namibia","1995",130,8025,4672
"1334","Namibia","2000",130,8630,4942
"1335","Namibia","2005",130,9671,5926
"1336","Namibia","2010",130,9779,7009
"1337","Namibia","2011",130,10177,7352
"1338","Namibia","2012",130,10312,7505
"1339","Namibia","2013",130,10728,8415
"1340","Namibia","2014",130,11043,9044
"1341","Namibia","2015",130,11607,9272
"1342","Namibia","2016",130,11067,9330
"1343","Namibia","2017",130,10626,8983
"1344","Namibia","2018",130,10497,8917
"1345","Nepal","1995",147,1587,1092
"1346","Nepal","2000",147,1992,1076
"1347","Nepal","2005",147,2063,1306
"1348","Nepal","2010",147,2419,1598
"1349","Nepal","2011",147,2508,1642
"1350","Nepal","2012",147,2667,1716
"1351","Nepal","2013",147,2819,1775
"1352","Nepal","2014",147,3054,1882
"1353","Nepal","2015",147,3170,1924
"1354","Nepal","2016",147,3171,1912
"1355","Nepal","2017",147,3370,2030
"1356","Nepal","2018",147,3510,2113
"1357","Netherlands","1995",10,47057,24227
"1358","Netherlands","2000",10,53937,31823
"1359","Netherlands","2005",10,52291,34300
"1360","Netherlands","2010",10,55699,36913
"1361","Netherlands","2011",10,56656,37970
"1362","Netherlands","2012",10,55962,37626
"1363","Netherlands","2013",10,55535,37328
"1364","Netherlands","2014",10,55440,36931
"1365","Netherlands","2015",10,56215,37843
"1366","Netherlands","2016",10,56148,37966
"1367","Netherlands","2017",10,58392,39688
"1368","Netherlands","2018",10,59537,40572
"1369","New Zealand","1995",14,30642,17585
"1370","New Zealand","2000",14,33512,19967
"1371","New Zealand","2005",14,37175,23004
"1372","New Zealand","2010",14,38862,22713
"1373","New Zealand","2011",14,39549,23242
"1374","New Zealand","2012",14,40234,23869
"1375","New Zealand","2013",14,40954,24368
"1376","New Zealand","2014",14,41709,24957
"1377","New Zealand","2015",14,42575,25671
"1378","New Zealand","2016",14,43051,26302
"1379","New Zealand","2017",14,43218,26398
"1380","New Zealand","2018",14,43743,26757
"1381","Nicaragua","1995",126,4017,1245
"1382","Nicaragua","2000",126,4878,1701
"1383","Nicaragua","2005",126,5146,2155
"1384","Nicaragua","2010",126,5563,2197
"1385","Nicaragua","2011",126,5832,2314
"1386","Nicaragua","2012",126,6108,2436
"1387","Nicaragua","2013",126,6315,2534
"1388","Nicaragua","2014",126,5152,3987
"1389","Nicaragua","2015",126,5289,4144
"1390","Nicaragua","2016",126,5432,4303
"1391","Nicaragua","2017",126,5590,4476
"1392","Nicaragua","2018",126,5318,4277
"1393","Niger","1995",189,949,582
"1394","Niger","2000",189,941,559
"1395","Niger","2005",189,960,563
"1396","Niger","2010",189,NA,NA
"1397","Niger","2011",189,NA,NA
"1398","Niger","2012",189,1581,104
"1399","Niger","2013",189,1592,104
"1400","Niger","2014",189,1655,109
"1401","Niger","2015",189,1655,109
"1402","Niger","2016",189,1669,110
"1403","Niger","2017",189,1684,111
"1404","Niger","2018",189,1705,112
"1405","Nigeria","1995",158,3659,2074
"1406","Nigeria","2000",158,3577,2066
"1407","Nigeria","2005",158,4796,2822
"1408","Nigeria","2010",158,5600,3969
"1409","Nigeria","2011",158,5727,4103
"1410","Nigeria","2012",158,5807,4208
"1411","Nigeria","2013",158,6013,4407
"1412","Nigeria","2014",158,6324,4643
"1413","Nigeria","2015",158,6372,4687
"1414","Nigeria","2016",158,6140,4511
"1415","Nigeria","2017",158,5981,4404
"1416","Nigeria","2018",158,5838,4313
"1417","North Macedonia","1995",82,10197,4924
"1418","North Macedonia","2000",82,11476,5429
"1419","North Macedonia","2005",82,12423,6011
"1420","North Macedonia","2010",82,14078,8308
"1421","North Macedonia","2011",82,14171,8638
"1422","North Macedonia","2012",82,14121,8470
"1423","North Macedonia","2013",82,14296,8880
"1424","North Macedonia","2014",82,15144,8966
"1425","North Macedonia","2015",82,15506,9167
"1426","North Macedonia","2016",82,15949,9150
"1427","North Macedonia","2017",82,15920,9216
"1428","North Macedonia","2018",82,16279,9464
"1429","Norway","1995",1,60959,38399
"1430","Norway","2000",1,69954,44906
"1431","Norway","2005",1,76723,50499
"1432","Norway","2010",1,70672,55320
"1433","Norway","2011",1,70075,55363
"1434","Norway","2012",1,70712,56291
"1435","Norway","2013",1,70654,56429
"1436","Norway","2014",1,72509,58286
"1437","Norway","2015",1,74252,58809
"1438","Norway","2016",1,74389,58981
"1439","Norway","2017",1,75111,59813
"1440","Norway","2018",1,75688,60283
"1441","Oman","1995",47,57952,9164
"1442","Oman","2000",47,66607,13399
"1443","Oman","2005",47,61632,13262
"1444","Oman","2010",47,61845,14225
"1445","Oman","2011",47,55979,12897
"1446","Oman","2012",47,56150,12979
"1447","Oman","2013",47,55194,12832
"1448","Oman","2014",47,51727,12041
"1449","Oman","2015",47,52962,12356
"1450","Oman","2016",47,53027,12414
"1451","Oman","2017",47,50668,11733
"1452","Oman","2018",47,50238,11435
"1453","Pakistan","1995",152,5887,658
"1454","Pakistan","2000",152,5917,629
"1455","Pakistan","2005",152,6777,913
"1456","Pakistan","2010",152,7017,1262
"1457","Pakistan","2011",152,7113,1268
"1458","Pakistan","2012",152,7243,1299
"1459","Pakistan","2013",152,7416,1318
"1460","Pakistan","2014",152,7670,1323
"1461","Pakistan","2015",152,7812,1456
"1462","Pakistan","2016",152,8109,1479
"1463","Pakistan","2017",152,8353,1513
"1464","Pakistan","2018",152,8604,1570
"1465","Palestine, State of","1995",119,6516,898
"1466","Palestine, State of","2000",119,7217,938
"1467","Palestine, State of","2005",119,6491,1123
"1468","Palestine, State of","2010",119,7153,1335
"1469","Palestine, State of","2011",119,7761,1591
"1470","Palestine, State of","2012",119,8094,1663
"1471","Palestine, State of","2013",119,8198,1666
"1472","Palestine, State of","2014",119,8040,1782
"1473","Palestine, State of","2015",119,8364,1744
"1474","Palestine, State of","2016",119,8599,1808
"1475","Palestine, State of","2017",119,8663,1805
"1476","Palestine, State of","2018",119,8704,1824
"1477","Panama","1995",67,11760,6105
"1478","Panama","2000",67,13174,7232
"1479","Panama","2005",67,14371,7987
"1480","Panama","2010",67,18080,10245
"1481","Panama","2011",67,20752,11379
"1482","Panama","2012",67,21644,12788
"1483","Panama","2013",67,22840,12951
"1484","Panama","2014",67,22525,13413
"1485","Panama","2015",67,22977,14267
"1486","Panama","2016",67,23400,15001
"1487","Panama","2017",67,24313,15800
"1488","Panama","2018",67,24787,16107
"1489","Papua New Guinea","1995",155,3219,2386
"1490","Papua New Guinea","2000",155,2821,2073
"1491","Papua New Guinea","2005",155,2814,2050
"1492","Papua New Guinea","2010",155,3199,2496
"1493","Papua New Guinea","2011",155,3230,2519
"1494","Papua New Guinea","2012",155,3302,2579
"1495","Papua New Guinea","2013",155,3171,2483
"1496","Papua New Guinea","2014",155,3869,3053
"1497","Papua New Guinea","2015",155,4160,3300
"1498","Papua New Guinea","2016",155,4240,3362
"1499","Papua New Guinea","2017",155,4188,3323
"1500","Papua New Guinea","2018",155,4106,3248
"1501","Paraguay","1995",98,10348,5236
"1502","Paraguay","2000",98,9833,4087
"1503","Paraguay","2005",98,9252,4589
"1504","Paraguay","2010",98,12361,6081
"1505","Paraguay","2011",98,12547,6685
"1506","Paraguay","2012",98,11924,6797
"1507","Paraguay","2013",98,12882,7202
"1508","Paraguay","2014",98,13549,7294
"1509","Paraguay","2015",98,13568,7624
"1510","Paraguay","2016",98,14022,7711
"1511","Paraguay","2017",98,14659,8088
"1512","Paraguay","2018",98,15001,8326
"1513","Peru","1995",82,8001,3894
"1514","Peru","2000",82,8638,4029
"1515","Peru","2005",82,9550,4718
"1516","Peru","2010",82,12272,6463
"1517","Peru","2011",82,12813,6891
"1518","Peru","2012",82,13659,7361
"1519","Peru","2013",82,14490,7871
"1520","Peru","2014",82,14665,8158
"1521","Peru","2015",82,15413,8155
"1522","Peru","2016",82,15411,8549
"1523","Peru","2017",82,15435,8587
"1524","Peru","2018",82,15853,8840
"1525","Philippines","1995",106,5178,3008
"1526","Philippines","2000",106,6247,3679
"1527","Philippines","2005",106,6944,4391
"1528","Philippines","2010",106,8208,5240
"1529","Philippines","2011",106,8297,5308
"1530","Philippines","2012",106,8756,5575
"1531","Philippines","2013",106,9295,5953
"1532","Philippines","2014",106,9637,6232
"1533","Philippines","2015",106,10103,6454
"1534","Philippines","2016",106,10343,7039
"1535","Philippines","2017",106,11042,7203
"1536","Philippines","2018",106,11518,7541
"1537","Poland","1995",32,14070,8359
"1538","Poland","2000",32,18460,11088
"1539","Poland","2005",32,21535,12532
"1540","Poland","2010",32,25582,16683
"1541","Poland","2011",32,26850,17505
"1542","Poland","2012",32,27188,17825
"1543","Poland","2013",32,28055,17801
"1544","Poland","2014",32,28843,18375
"1545","Poland","2015",32,29975,19096
"1546","Poland","2016",32,30541,19868
"1547","Poland","2017",32,31975,20731
"1548","Poland","2018",32,33738,21877
"1549","Portugal","1995",40,28679,15828
"1550","Portugal","2000",40,32608,18898
"1551","Portugal","2005",40,31633,21081
"1552","Portugal","2010",40,30636,22354
"1553","Portugal","2011",40,31373,21597
"1554","Portugal","2012",40,29737,21037
"1555","Portugal","2013",40,30012,21043
"1556","Portugal","2014",40,30305,21302
"1557","Portugal","2015",40,30334,21835
"1558","Portugal","2016",40,31179,22411
"1559","Portugal","2017",40,32130,23163
"1560","Portugal","2018",40,32737,23628
"1561","Qatar","1995",41,101023,27886
"1562","Qatar","2000",41,129495,45709
"1563","Qatar","2005",41,129156,36864
"1564","Qatar","2010",41,130152,41815
"1565","Qatar","2011",41,134271,48151
"1566","Qatar","2012",41,131020,51747
"1567","Qatar","2013",41,129869,54095
"1568","Qatar","2014",41,129252,55653
"1569","Qatar","2015",41,131891,57751
"1570","Qatar","2016",41,131347,59420
"1571","Qatar","2017",41,130648,58668
"1572","Qatar","2018",41,127778,57196
"1573","Romania","1995",52,12791,8061
"1574","Romania","2000",52,12835,8006
"1575","Romania","2005",52,16962,11247
"1576","Romania","2010",52,20924,13699
"1577","Romania","2011",52,21320,14103
"1578","Romania","2012",52,21704,14586
"1579","Romania","2013",52,22259,15241
"1580","Romania","2014",52,23033,16265
"1581","Romania","2015",52,23978,16533
"1582","Romania","2016",52,25428,17137
"1583","Romania","2017",52,27227,18656
"1584","Romania","2018",52,28567,19488
"1585","Russian Federation","1995",49,16429,9777
"1586","Russian Federation","2000",49,17400,10738
"1587","Russian Federation","2005",49,23766,15014
"1588","Russian Federation","2010",49,27729,18251
"1589","Russian Federation","2011",49,28883,19024
"1590","Russian Federation","2012",49,29888,19637
"1591","Russian Federation","2013",49,30341,19783
"1592","Russian Federation","2014",49,30129,19575
"1593","Russian Federation","2015",49,29673,19163
"1594","Russian Federation","2016",49,29739,19224
"1595","Russian Federation","2017",49,30207,19521
"1596","Russian Federation","2018",49,30905,19968
"1597","Rwanda","1995",157,803,591
"1598","Rwanda","2000",157,911,686
"1599","Rwanda","2005",157,1202,909
"1600","Rwanda","2010",157,1530,1248
"1601","Rwanda","2011",157,1660,1258
"1602","Rwanda","2012",157,1753,1331
"1603","Rwanda","2013",157,1782,1355
"1604","Rwanda","2014",157,1860,1416
"1605","Rwanda","2015",157,1967,1502
"1606","Rwanda","2016",157,2026,1552
"1607","Rwanda","2017",157,2095,1611
"1608","Rwanda","2018",157,2218,1708
"1609","Saint Lucia","1995",89,12081,6059
"1610","Saint Lucia","2000",89,12386,6650
"1611","Saint Lucia","2005",89,12106,7112
"1612","Saint Lucia","2010",89,14075,8685
"1613","Saint Lucia","2011",89,14456,9384
"1614","Saint Lucia","2012",89,14258,9073
"1615","Saint Lucia","2013",89,14081,9000
"1616","Saint Lucia","2014",89,13081,8561
"1617","Saint Lucia","2015",89,12808,8221
"1618","Saint Lucia","2016",89,13595,8761
"1619","Saint Lucia","2017",89,14025,9244
"1620","Saint Lucia","2018",89,14045,9086
"1621","Saint Vincent and the Grenadines","1995",94,8757,4002
"1622","Saint Vincent and the Grenadines","2000",94,9853,4501
"1623","Saint Vincent and the Grenadines","2005",94,11588,6011
"1624","Saint Vincent and the Grenadines","2010",94,12598,6965
"1625","Saint Vincent and the Grenadines","2011",94,12182,7274
"1626","Saint Vincent and the Grenadines","2012",94,12644,7326
"1627","Saint Vincent and the Grenadines","2013",94,12590,7296
"1628","Saint Vincent and the Grenadines","2014",94,13275,7689
"1629","Saint Vincent and the Grenadines","2015",94,14648,8227
"1630","Saint Vincent and the Grenadines","2016",94,14083,8491
"1631","Saint Vincent and the Grenadines","2017",94,14091,8480
"1632","Saint Vincent and the Grenadines","2018",94,14780,8615
"1633","Samoa","1995",111,4289,1819
"1634","Samoa","2000",111,5303,2257
"1635","Samoa","2005",111,6698,3054
"1636","Samoa","2010",111,6672,3713
"1637","Samoa","2011",111,6951,3868
"1638","Samoa","2012",111,7048,3761
"1639","Samoa","2013",111,6846,3656
"1640","Samoa","2014",111,6956,3570
"1641","Samoa","2015",111,7131,3663
"1642","Samoa","2016",111,7571,3892
"1643","Samoa","2017",111,7675,3948
"1644","Samoa","2018",111,7685,3955
"1645","Sao Tome and Principe","1995",137,2465,942
"1646","Sao Tome and Principe","2000",137,2510,985
"1647","Sao Tome and Principe","2005",137,3061,1265
"1648","Sao Tome and Principe","2010",137,3502,1633
"1649","Sao Tome and Principe","2011",137,3633,1608
"1650","Sao Tome and Principe","2012",137,3566,1612
"1651","Sao Tome and Principe","2013",137,3715,1755
"1652","Sao Tome and Principe","2014",137,3977,1787
"1653","Sao Tome and Principe","2015",137,3951,1808
"1654","Sao Tome and Principe","2016",137,4041,1882
"1655","Sao Tome and Principe","2017",137,4074,1929
"1656","Sao Tome and Principe","2018",137,4162,1885
"1657","Saudi Arabia","1995",36,73265,9243
"1658","Saudi Arabia","2000",36,71011,10299
"1659","Saudi Arabia","2005",36,71424,13991
"1660","Saudi Arabia","2010",36,70525,14358
"1661","Saudi Arabia","2011",36,74175,16880
"1662","Saudi Arabia","2012",36,74979,18254
"1663","Saudi Arabia","2013",36,75260,17652
"1664","Saudi Arabia","2014",36,75569,18248
"1665","Saudi Arabia","2015",36,76776,18180
"1666","Saudi Arabia","2016",36,75406,18762
"1667","Saudi Arabia","2017",36,72578,18196
"1668","Saudi Arabia","2018",36,72325,18169
"1669","Senegal","1995",166,3267,1104
"1670","Senegal","2000",166,3531,1270
"1671","Senegal","2005",166,3899,1477
"1672","Senegal","2010",166,3856,1699
"1673","Senegal","2011",166,3759,1688
"1674","Senegal","2012",166,3816,1749
"1675","Senegal","2013",166,3787,1772
"1676","Senegal","2014",166,3888,1859
"1677","Senegal","2015",166,3978,1944
"1678","Senegal","2016",166,4090,2003
"1679","Senegal","2017",166,4243,2091
"1680","Senegal","2018",166,4396,2172
"1681","Serbia","1995",63,9490,5191
"1682","Serbia","2000",63,10335,5628
"1683","Serbia","2005",63,13986,7576
"1684","Serbia","2010",63,15225,11024
"1685","Serbia","2011",63,16199,10812
"1686","Serbia","2012",63,16068,10602
"1687","Serbia","2013",63,16145,11220
"1688","Serbia","2014",63,16177,10903
"1689","Serbia","2015",63,16378,11081
"1690","Serbia","2016",63,16731,11528
"1691","Serbia","2017",63,16890,11772
"1692","Serbia","2018",63,17994,12551
"1693","Sierra Leone","1995",181,1030,758
"1694","Sierra Leone","2000",181,1007,756
"1695","Sierra Leone","2005",181,1187,895
"1696","Sierra Leone","2010",181,1356,1089
"1697","Sierra Leone","2011",181,1374,1103
"1698","Sierra Leone","2012",181,1621,1301
"1699","Sierra Leone","2013",181,1843,1480
"1700","Sierra Leone","2014",181,1857,1490
"1701","Sierra Leone","2015",181,1456,1163
"1702","Sierra Leone","2016",181,1360,1097
"1703","Sierra Leone","2017",181,1501,1220
"1704","Sierra Leone","2018",181,1525,1238
"1705","Singapore","1995",9,61817,29558
"1706","Singapore","2000",9,68397,34833
"1707","Singapore","2005",9,77029,40351
"1708","Singapore","2010",9,88632,54468
"1709","Singapore","2011",9,82426,63557
"1710","Singapore","2012",9,83274,64012
"1711","Singapore","2013",9,84833,65753
"1712","Singapore","2014",9,88619,68933
"1713","Singapore","2015",9,85240,69393
"1714","Singapore","2016",9,86713,70026
"1715","Singapore","2017",9,89648,72553
"1716","Singapore","2018",9,92168,74594
"1717","Slovakia","1995",36,16921,9760
"1718","Slovakia","2000",36,19616,11639
"1719","Slovakia","2005",36,24622,14549
"1720","Slovakia","2010",36,31086,18461
"1721","Slovakia","2011",36,31966,18232
"1722","Slovakia","2012",36,32906,18936
"1723","Slovakia","2013",36,33297,19753
"1724","Slovakia","2014",36,34171,20110
"1725","Slovakia","2015",36,34714,21057
"1726","Slovakia","2016",36,35779,22014
"1727","Slovakia","2017",36,36683,22784
"1728","Slovakia","2018",36,38044,23684
"1729","Slovenia","1995",24,23116,14176
"1730","Slovenia","2000",24,28226,17326
"1731","Slovenia","2005",24,29845,23681
"1732","Slovenia","2010",24,31739,24905
"1733","Slovenia","2011",24,31705,25167
"1734","Slovenia","2012",24,30616,24516
"1735","Slovenia","2013",24,31016,23538
"1736","Slovenia","2014",24,31852,24492
"1737","Slovenia","2015",24,31410,24886
"1738","Slovenia","2016",24,32182,26081
"1739","Slovenia","2017",24,34032,27557
"1740","Slovenia","2018",24,35486,28833
"1741","Solomon Islands","1995",153,1852,1091
"1742","Solomon Islands","2000",153,2267,1344
"1743","Solomon Islands","2005",153,2100,1255
"1744","Solomon Islands","2010",153,1654,1065
"1745","Solomon Islands","2011",153,1814,1152
"1746","Solomon Islands","2012",153,2237,1431
"1747","Solomon Islands","2013",153,2387,1522
"1748","Solomon Islands","2014",153,2394,1527
"1749","Solomon Islands","2015",153,2482,1568
"1750","Solomon Islands","2016",153,2425,1532
"1751","Solomon Islands","2017",153,2399,1525
"1752","Solomon Islands","2018",153,2469,1569
"1753","South Africa","1995",113,11699,6414
"1754","South Africa","2000",113,11930,7133
"1755","South Africa","2005",113,13694,7981
"1756","South Africa","2010",113,14705,8818
"1757","South Africa","2011",113,14769,9041
"1758","South Africa","2012",113,14676,9240
"1759","South Africa","2013",113,14852,9294
"1760","South Africa","2014",113,14873,9323
"1761","South Africa","2015",113,14975,9204
"1762","South Africa","2016",113,14810,9082
"1763","South Africa","2017",113,14679,9123
"1764","South Africa","2018",113,14554,9036
"1765","South Sudan","1995",186,NA,NA
"1766","South Sudan","2000",186,NA,NA
"1767","South Sudan","2005",186,NA,NA
"1768","South Sudan","2010",186,2754,2089
"1769","South Sudan","2011",186,2704,2058
"1770","South Sudan","2012",186,2534,1935
"1771","South Sudan","2013",186,2685,2060
"1772","South Sudan","2014",186,2608,2011
"1773","South Sudan","2015",186,2360,1831
"1774","South Sudan","2016",186,1897,1476
"1775","South Sudan","2017",186,1705,1331
"1776","South Sudan","2018",186,1633,1277
"1777","Spain","1995",25,35036,15336
"1778","Spain","2000",25,40854,19245
"1779","Spain","2005",25,42566,22545
"1780","Spain","2010",25,40081,24192
"1781","Spain","2011",25,39096,24114
"1782","Spain","2012",25,38289,23689
"1783","Spain","2013",25,37590,23658
"1784","Spain","2014",25,38435,23986
"1785","Spain","2015",25,39549,25237
"1786","Spain","2016",25,40279,26729
"1787","Spain","2017",25,41334,27374
"1788","Spain","2018",25,42252,28085
"1789","Sri Lanka","1995",71,6432,2366
"1790","Sri Lanka","2000",71,7956,2938
"1791","Sri Lanka","2005",71,9170,3688
"1792","Sri Lanka","2010",71,12339,4678
"1793","Sri Lanka","2011",71,13224,5134
"1794","Sri Lanka","2012",71,14521,5366
"1795","Sri Lanka","2013",71,14524,5754
"1796","Sri Lanka","2014",71,15072,6037
"1797","Sri Lanka","2015",71,15504,6400
"1798","Sri Lanka","2016",71,16230,6386
"1799","Sri Lanka","2017",71,16518,6619
"1800","Sri Lanka","2018",71,16852,6766
"1801","Sudan","1995",168,2896,807
"1802","Sudan","2000",168,3418,929
"1803","Sudan","2005",168,4065,1025
"1804","Sudan","2010",168,4974,1290
"1805","Sudan","2011",168,5543,1455
"1806","Sudan","2012",168,5943,1583
"1807","Sudan","2013",168,4233,1143
"1808","Sudan","2014",168,5929,1623
"1809","Sudan","2015",168,6115,1699
"1810","Sudan","2016",168,6236,1757
"1811","Sudan","2017",168,6369,1820
"1812","Sudan","2018",168,6168,1759
"1813","Suriname","1995",98,13626,5166
"1814","Suriname","2000",98,13260,5267
"1815","Suriname","2005",98,16220,7012
"1816","Suriname","2010",98,18387,9130
"1817","Suriname","2011",98,18437,9321
"1818","Suriname","2012",98,19074,9732
"1819","Suriname","2013",98,19573,10156
"1820","Suriname","2014",98,19678,10171
"1821","Suriname","2015",98,19114,9722
"1822","Suriname","2016",98,17014,8519
"1823","Suriname","2017",98,15417,7752
"1824","Suriname","2018",98,15869,7953
"1825","Sweden","1995",8,35135,25225
"1826","Sweden","2000",8,44359,29658
"1827","Sweden","2005",8,50247,33562
"1828","Sweden","2010",8,51777,36632
"1829","Sweden","2011",8,52200,37279
"1830","Sweden","2012",8,50296,38450
"1831","Sweden","2013",8,50417,38628
"1832","Sweden","2014",8,51065,39261
"1833","Sweden","2015",8,52006,40332
"1834","Sweden","2016",8,52583,40739
"1835","Sweden","2017",8,53393,41396
"1836","Sweden","2018",8,53975,41923
"1837","Switzerland","1995",2,61953,33472
"1838","Switzerland","2000",2,69371,39563
"1839","Switzerland","2005",2,71619,43361
"1840","Switzerland","2010",2,72847,45863
"1841","Switzerland","2011",2,69811,44212
"1842","Switzerland","2012",2,67608,47458
"1843","Switzerland","2013",2,67724,47947
"1844","Switzerland","2014",2,67669,47478
"1845","Switzerland","2015",2,69027,48627
"1846","Switzerland","2016",2,68189,48276
"1847","Switzerland","2017",2,67299,47481
"1848","Switzerland","2018",2,69645,49279
"1849","Syrian Arab Republic","1995",154,7525,1622
"1850","Syrian Arab Republic","2000",154,7773,1481
"1851","Syrian Arab Republic","2005",154,9128,1474
"1852","Syrian Arab Republic","2010",154,10535,1551
"1853","Syrian Arab Republic","2011",154,9981,1449
"1854","Syrian Arab Republic","2012",154,7945,1132
"1855","Syrian Arab Republic","2013",154,6167,865
"1856","Syrian Arab Republic","2014",154,4943,684
"1857","Syrian Arab Republic","2015",154,4651,634
"1858","Syrian Arab Republic","2016",154,4463,614
"1859","Syrian Arab Republic","2017",154,4603,642
"1860","Syrian Arab Republic","2018",154,4779,657
"1861","Tajikistan","1995",125,1968,806
"1862","Tajikistan","2000",125,1811,759
"1863","Tajikistan","2005",125,2677,1124
"1864","Tajikistan","2010",125,4497,878
"1865","Tajikistan","2011",125,4773,918
"1866","Tajikistan","2012",125,5021,952
"1867","Tajikistan","2013",125,5341,999
"1868","Tajikistan","2014",125,5256,969
"1869","Tajikistan","2015",125,5193,947
"1870","Tajikistan","2016",125,5334,964
"1871","Tajikistan","2017",125,5502,984
"1872","Tajikistan","2018",125,5881,1044
"1873","Tanzania (United Republic of)","1995",159,1627,1189
"1874","Tanzania (United Republic of)","2000",159,1823,1278
"1875","Tanzania (United Republic of)","2005",159,2139,1606
"1876","Tanzania (United Republic of)","2010",159,2447,1929
"1877","Tanzania (United Republic of)","2011",159,2564,2009
"1878","Tanzania (United Republic of)","2012",159,2426,2231
"1879","Tanzania (United Republic of)","2013",159,2525,2296
"1880","Tanzania (United Republic of)","2014",159,2826,2163
"1881","Tanzania (United Republic of)","2015",159,2903,2224
"1882","Tanzania (United Republic of)","2016",159,2998,2298
"1883","Tanzania (United Republic of)","2017",159,3104,2383
"1884","Tanzania (United Republic of)","2018",159,3175,2436
"1885","Thailand","1995",77,11414,6976
"1886","Thailand","2000",77,11146,6913
"1887","Thailand","2005",77,13657,8444
"1888","Thailand","2010",77,15028,10895
"1889","Thailand","2011",77,14812,11675
"1890","Thailand","2012",77,15456,12206
"1891","Thailand","2013",77,15446,12302
"1892","Thailand","2014",77,15941,12342
"1893","Thailand","2015",77,16199,12811
"1894","Thailand","2016",77,16705,13308
"1895","Thailand","2017",77,17367,13817
"1896","Thailand","2018",77,18032,14320
"1897","Timor-Leste","1995",131,8225,3066
"1898","Timor-Leste","2000",131,7177,2764
"1899","Timor-Leste","2005",131,2664,955
"1900","Timor-Leste","2010",131,10980,5268
"1901","Timor-Leste","2011",131,10712,5175
"1902","Timor-Leste","2012",131,6357,3039
"1903","Timor-Leste","2013",131,9417,2978
"1904","Timor-Leste","2014",131,8556,2710
"1905","Timor-Leste","2015",131,12491,3984
"1906","Timor-Leste","2016",131,10600,6049
"1907","Timor-Leste","2017",131,9451,5372
"1908","Timor-Leste","2018",131,9619,5389
"1909","Togo","1995",167,1340,975
"1910","Togo","2000",167,1419,1057
"1911","Togo","2005",167,1320,990
"1912","Togo","2010",167,1533,990
"1913","Togo","2011",167,1673,1060
"1914","Togo","2012",167,1669,1058
"1915","Togo","2013",167,1731,1099
"1916","Togo","2014",167,1791,1139
"1917","Togo","2015",167,1926,1158
"1918","Togo","2016",167,1930,1164
"1919","Togo","2017",167,1947,1178
"1920","Togo","2018",167,1989,1200
"1921","Tonga","1995",105,5937,2709
"1922","Tonga","2000",105,6332,2783
"1923","Tonga","2005",105,6625,3266
"1924","Tonga","2010",105,6852,3444
"1925","Tonga","2011",105,7047,3540
"1926","Tonga","2012",105,7179,3601
"1927","Tonga","2013",105,7092,3410
"1928","Tonga","2014",105,7169,3442
"1929","Tonga","2015",105,7481,3589
"1930","Tonga","2016",105,7514,3844
"1931","Tonga","2017",105,7721,3952
"1932","Tonga","2018",105,7748,3816
"1933","Trinidad and Tobago","1995",63,16486,7420
"1934","Trinidad and Tobago","2000",63,23143,10758
"1935","Trinidad and Tobago","2005",63,32827,17544
"1936","Trinidad and Tobago","2010",63,36468,23133
"1937","Trinidad and Tobago","2011",63,33783,21429
"1938","Trinidad and Tobago","2012",63,34803,22127
"1939","Trinidad and Tobago","2013",63,36205,23467
"1940","Trinidad and Tobago","2014",63,35483,22934
"1941","Trinidad and Tobago","2015",63,38247,24225
"1942","Trinidad and Tobago","2016",63,35228,22620
"1943","Trinidad and Tobago","2017",63,35305,22415
"1944","Trinidad and Tobago","2018",63,34878,22266
"1945","Tunisia","1995",91,9478,2231
"1946","Tunisia","2000",91,11645,2910
"1947","Tunisia","2005",91,13328,3539
"1948","Tunisia","2010",91,15499,4485
"1949","Tunisia","2011",91,15049,4316
"1950","Tunisia","2012",91,15496,4544
"1951","Tunisia","2013",91,15697,4630
"1952","Tunisia","2014",91,16194,4734
"1953","Tunisia","2015",91,16335,4734
"1954","Tunisia","2016",91,16451,4717
"1955","Tunisia","2017",91,16532,4702
"1956","Tunisia","2018",91,16722,4737
"1957","Turkey","1995",59,18655,5704
"1958","Turkey","2000",59,21541,6006
"1959","Turkey","2005",59,25923,6638
"1960","Turkey","2010",59,25618,10245
"1961","Turkey","2011",59,27750,11481
"1962","Turkey","2012",59,28386,12095
"1963","Turkey","2013",59,30098,13009
"1964","Turkey","2014",59,31194,13385
"1965","Turkey","2015",59,32123,14252
"1966","Turkey","2016",59,32355,14728
"1967","Turkey","2017",59,33866,15796
"1968","Turkey","2018",59,34138,15920
"1969","Turkmenistan","1995",108,6096,3218
"1970","Turkmenistan","2000",108,6570,3493
"1971","Turkmenistan","2005",108,7918,4230
"1972","Turkmenistan","2010",108,11705,6595
"1973","Turkmenistan","2011",108,13028,7320
"1974","Turkmenistan","2012",108,14256,7997
"1975","Turkmenistan","2013",108,15563,8710
"1976","Turkmenistan","2014",108,16820,9376
"1977","Turkmenistan","2015",108,18219,10135
"1978","Turkmenistan","2016",108,19668,10937
"1979","Turkmenistan","2017",108,20294,11263
"1980","Turkmenistan","2018",108,21214,11745
"1981","Uganda","1995",159,1120,708
"1982","Uganda","2000",159,1279,824
"1983","Uganda","2005",159,1485,971
"1984","Uganda","2010",159,2016,1117
"1985","Uganda","2011",159,2139,1187
"1986","Uganda","2012",159,2140,1190
"1987","Uganda","2013",159,2147,1187
"1988","Uganda","2014",159,2177,1210
"1989","Uganda","2015",159,2214,1237
"1990","Uganda","2016",159,2230,1252
"1991","Uganda","2017",159,2216,1253
"1992","Uganda","2018",159,2247,1273
"1993","Ukraine","1995",88,6198,3941
"1994","Ukraine","2000",88,6066,3445
"1995","Ukraine","2005",88,9392,5317
"1996","Ukraine","2010",88,9704,6010
"1997","Ukraine","2011",88,10395,6113
"1998","Ukraine","2012",88,10438,6242
"1999","Ukraine","2013",88,10408,6292
"2000","Ukraine","2014",88,10433,6178
"2001","Ukraine","2015",88,9427,5605
"2002","Ukraine","2016",88,9727,5769
"2003","Ukraine","2017",88,9814,5822
"2004","Ukraine","2018",88,10232,6063
"2005","United Arab Emirates","1995",35,146252,28376
"2006","United Arab Emirates","2000",35,145570,31054
"2007","United Arab Emirates","2005",35,119966,29495
"2008","United Arab Emirates","2010",35,67774,18427
"2009","United Arab Emirates","2011",35,69602,18951
"2010","United Arab Emirates","2012",35,71827,19400
"2011","United Arab Emirates","2013",35,76110,20320
"2012","United Arab Emirates","2014",35,79977,21139
"2013","United Arab Emirates","2015",35,84480,22366
"2014","United Arab Emirates","2016",35,86464,23284
"2015","United Arab Emirates","2017",35,86060,23975
"2016","United Arab Emirates","2018",35,85771,24212
"2017","United Kingdom","1995",15,37521,19788
"2018","United Kingdom","2000",15,42402,24606
"2019","United Kingdom","2005",15,46551,29174
"2020","United Kingdom","2010",15,48304,25169
"2021","United Kingdom","2011",15,48863,25464
"2022","United Kingdom","2012",15,48216,25564
"2023","United Kingdom","2013",15,48314,25686
"2024","United Kingdom","2014",15,49235,26358
"2025","United Kingdom","2015",15,49317,27230
"2026","United Kingdom","2016",15,49593,27551
"2027","United Kingdom","2017",15,50430,28294
"2028","United Kingdom","2018",15,50772,28525
"2029","United States","1995",15,49593,29652
"2030","United States","2000",15,57344,34938
"2031","United States","2005",15,62015,38255
"2032","United States","2010",15,60900,39951
"2033","United States","2011",15,61578,40302
"2034","United States","2012",15,62555,40766
"2035","United States","2013",15,63289,41145
"2036","United States","2014",15,64293,41918
"2037","United States","2015",15,65669,42658
"2038","United States","2016",15,66146,42986
"2039","United States","2017",15,67078,43866
"2040","United States","2018",15,68064,44462
"2041","Uruguay","1995",57,15276,7633
"2042","Uruguay","2000",57,16941,9041
"2043","Uruguay","2005",57,16526,9015
"2044","Uruguay","2010",57,21543,11850
"2045","Uruguay","2011",57,22425,12691
"2046","Uruguay","2012",57,22053,12668
"2047","Uruguay","2013",57,23727,13260
"2048","Uruguay","2014",57,24040,13597
"2049","Uruguay","2015",57,24461,13982
"2050","Uruguay","2016",57,24020,14698
"2051","Uruguay","2017",57,24271,14858
"2052","Uruguay","2018",57,24291,14902
"2053","Uzbekistan","1995",108,2955,1566
"2054","Uzbekistan","2000",108,3240,1742
"2055","Uzbekistan","2005",108,4009,2170
"2056","Uzbekistan","2010",108,5574,3185
"2057","Uzbekistan","2011",108,5925,3378
"2058","Uzbekistan","2012",108,6358,3615
"2059","Uzbekistan","2013",108,6837,3878
"2060","Uzbekistan","2014",108,7126,4033
"2061","Uzbekistan","2015",108,7369,4161
"2062","Uzbekistan","2016",108,7639,4308
"2063","Uzbekistan","2017",108,7926,4464
"2064","Uzbekistan","2018",108,8277,4657
"2065","Vanuatu","1995",141,3030,1780
"2066","Vanuatu","2000",141,3376,1973
"2067","Vanuatu","2005",141,3069,1786
"2068","Vanuatu","2010",141,3459,2214
"2069","Vanuatu","2011",141,3422,2200
"2070","Vanuatu","2012",141,3266,2118
"2071","Vanuatu","2013",141,3444,2207
"2072","Vanuatu","2014",141,3464,2196
"2073","Vanuatu","2015",141,3258,2084
"2074","Vanuatu","2016",141,3358,2125
"2075","Vanuatu","2017",141,3389,2192
"2076","Vanuatu","2018",141,3413,2185
"2077","Venezuela (Bolivarian Republic of)","1995",96,21248,9264
"2078","Venezuela (Bolivarian Republic of)","2000",96,20075,9010
"2079","Venezuela (Bolivarian Republic of)","2005",96,20392,9617
"2080","Venezuela (Bolivarian Republic of)","2010",96,20828,12756
"2081","Venezuela (Bolivarian Republic of)","2011",96,21009,12778
"2082","Venezuela (Bolivarian Republic of)","2012",96,21802,13288
"2083","Venezuela (Bolivarian Republic of)","2013",96,21680,13270
"2084","Venezuela (Bolivarian Republic of)","2014",96,21284,12977
"2085","Venezuela (Bolivarian Republic of)","2015",96,18848,11398
"2086","Venezuela (Bolivarian Republic of)","2016",96,15850,9339
"2087","Venezuela (Bolivarian Republic of)","2017",96,13571,7827
"2088","Venezuela (Bolivarian Republic of)","2018",96,11547,6655
"2089","Viet Nam","1995",118,2293,1601
"2090","Viet Nam","2000",118,3220,2240
"2091","Viet Nam","2005",118,3707,3034
"2092","Viet Nam","2010",118,4770,3766
"2093","Viet Nam","2011",118,4970,3958
"2094","Viet Nam","2012",118,5096,4216
"2095","Viet Nam","2013",118,5259,4429
"2096","Viet Nam","2014",118,5473,4634
"2097","Viet Nam","2015",118,5720,4910
"2098","Viet Nam","2016",118,6078,5200
"2099","Viet Nam","2017",118,6379,5455
"2100","Viet Nam","2018",118,6703,5739
"2101","Yemen","1995",177,3014,552
"2102","Yemen","2000",177,4495,970
"2103","Yemen","2005",177,5404,842
"2104","Yemen","2010",177,6522,808
"2105","Yemen","2011",177,6941,761
"2106","Yemen","2012",177,6093,592
"2107","Yemen","2013",177,6189,467
"2108","Yemen","2014",177,6134,411
"2109","Yemen","2015",177,4971,328
"2110","Yemen","2016",177,3666,238
"2111","Yemen","2017",177,2814,182
"2112","Yemen","2018",177,2679,168
"2113","Zambia","1995",143,2288,1534
"2114","Zambia","2000",143,2439,1636
"2115","Zambia","2005",143,2817,1858
"2116","Zambia","2010",143,3661,2580
"2117","Zambia","2011",143,3820,2695
"2118","Zambia","2012",143,4133,2921
"2119","Zambia","2013",143,4081,2896
"2120","Zambia","2014",143,4227,3015
"2121","Zambia","2015",143,4223,3024
"2122","Zambia","2016",143,4220,3035
"2123","Zambia","2017",143,4133,2985
"2124","Zambia","2018",143,4164,3011
"2125","Zimbabwe","1995",150,3157,2003
"2126","Zimbabwe","2000",150,3377,2143
"2127","Zimbabwe","2005",150,2255,1484
"2128","Zimbabwe","2010",150,1958,1443
"2129","Zimbabwe","2011",150,2158,1590
"2130","Zimbabwe","2012",150,2502,1845
"2131","Zimbabwe","2013",150,2596,1915
"2132","Zimbabwe","2014",150,2619,1933
"2133","Zimbabwe","2015",150,2580,1905
"2134","Zimbabwe","2016",150,2602,1922
"2135","Zimbabwe","2017",150,2684,1986
"2136","Zimbabwe","2018",150,3080,2280
